ID,NOMBRE,ID_PAIS
1,Gironde,72
2,Yvelines,72
3,Pyrénées-Atlantiques,72
4,Paris,72
5,England,77
6,Somme,72
7,Essonne,72
8,Rhône,72
9,Gard,72
10,Cher,72
11,Calvados,72
12,Casablanca-Settat,128
13,Allier,72
14,Hauts-de-Seine,72
15,Pas-de-Calais,72
16,Doubs,72
17,Manche,72
18,Îles du Vent,231
19,Oise,72
20,Baghdad,99
21,California,217
22,Wales,77
23,KwaZulu-Natal,172
24,Dublin,98
25,Western Cape,172
26,West Bengal,95
27,Fujian,42
28,Kingston,105
29,Victoria,13
30,Scotland,77
31,Karnataka,95
32,Monaghan,98
33,Québec,37
34,Baden-Württemberg,82
35,Bayern,82
36,Saarland,82
37,Sachsen,82
38,Mureș,171
39,Nordrhein-Westfalen,82
40,Rheinland-Pfalz,82
41,Niedersachsen,82
42,Hebei,42
43,Hamburg,82
44,Bihor,171
45,Bas-Rhin,72
46,Rio de Janeiro,30
47,Hessen,82
48,Olomoucký kraj,56
49,Mecklenburg-Vorpommern,82
50,Moskva,173
51,Schleswig-Holstein,82
52,Moselle,72
53,Attiki,84
54,Bistrița-Năsăud,171
55,Cluj,171
56,Al-Iskanderiya,62
57,Rabat-Salé-Kénitra,128
58,Vas,93
59,Somogy,93
60,Budapest,93
61,Hajdú-Bihar,93
62,Szabolcs-Szatmár-Bereg,93
63,Borsod-Abaúj-Zemplén,93
64,Pest,93
65,Podkarpackie,164
66,Baranya,93
67,Ciudad de México,133
68,Južna Bačka,187
69,Prešov,194
70,Daerah Istimewa Yogyakarta,94
71,Jawa Barat,94
72,Jawa Tengah,94
73,Jawa Timur,94
74,Sulawesi Selatan,94
75,Daerah Khusus Ibukota Jakarta,94
76,Kalimantan Timur,94
77,Sulawesi Utara,94
78,Maluku Utara,94
79,Sulawesi Tenggara,94
80,Uttar Pradesh,95
81,Tamil Nadu,95
82,Maharashtra,95
83,Andhra Pradesh,95
84,Himachal Pradesh,95
85,Basnahira,188
86,Punjab,156
87,Pontevedra,66
88,Western Australia,13
89,New South Wales,13
90,South Australia,13
91,Oberösterreich,14
92,Wien,14
93,Vlaams Brabant,20
94,Antwerpen,20
95,West-Vlaanderen,20
96,Oost-Vlaanderen,20
97,Région de Bruxelles-Capitale,20
98,Hainaut,20
99,Vitebsk,26
100,Minsk,26
101,Rio Grande do Sul,30
102,Gabrovo,33
103,British Columbia,37
104,Ontario,37
105,Nova Scotia,37
106,Jilin,42
107,Shandong,42
108,Shanxi,42
109,San José,51
110,Hovedstaden,57
111,Midtjylland,57
112,Nordjylland,57
113,Asturias,66
114,Madrid,66
115,Tarragona,66
116,Ciudad Real,66
117,Huelva,66
118,Barcelona,66
119,Raplamaa,67
120,Satakunta,71
121,Uusimaa,71
122,Pirkanmaa,71
123,Kanta-Häme,71
124,Kainuu,71
125,Pohjanmaa,71
126,Lappi,71
127,Pohjois-Karjala,71
128,Etelä-Pohjanmaa,71
129,Pohjois-Pohjanmaa,71
130,Vaucluse,72
131,Hérault,72
132,Basel-Stadt,192
133,Val-de-Marne,72
134,Seine-et-Marne,72
135,Meuse,72
136,Meurthe-et-Moselle,72
137,Seine-Saint-Denis,72
138,Finistère,72
139,Haute-Saône,72
140,Nord,72
141,Eure-et-Loir,72
142,Pyrénées-Orientales,72
143,Aisne,72
144,Puy-de-Dôme,72
145,Tbilisi,80
146,Warmińsko-Mazurskie,164
147,Plzeňský kraj,56
148,Ústecký kraj,56
149,Salzburg,14
150,Dolnośląskie,164
151,Thüringen,82
152,Louth,98
153,Ciudad Autónoma de Buenos Aires,9
154,Yerevan,10
155,Guangdong,42
156,Queensland,13
157,Jiangsu,42
158,Beijing,42
159,Tasmania,13
160,Steiermark,14
161,Kärnten,14
162,Shanghai,42
163,Hlavní město Praha,56
164,Niederösterreich,14
165,New Providence,16
166,City of Freeport,16
167,Liège,20
168,Altay Kray,173
169,Hrodna,26
170,Jihočeský kraj,56
171,Distrito Federal,30
172,São Paulo,30
173,Paraná,30
174,Kardzhali,33
175,Sofia Grad,33
176,Plovdiv,33
177,Pazardzhik,33
178,Phnom Penh,36
179,Uttarakhand,95
180,Saskatchewan,37
181,Genève,192
182,Beograd,187
183,Santiago Metropolitan,41
184,Hubei,42
185,Hunan,42
186,Henan,42
187,Guangxi,42
188,Tel Aviv,101
189,Heifa,101
190,Toshkent Viloyati,218
191,Parma,103
192,Torino,103
193,Bologna,103
194,Milano,103
195,Napoli,103
196,Mantova,103
197,Ravenna,103
198,Modena,103
199,Genova,103
200,Pavia,103
201,Alessandria,103
202,La Spezia,103
203,Ancona,103
204,Treviso,103
205,Frosinone,103
206,Roma,103
207,Kyoto,107
208,Hiroshima,107
209,Gunma,107
210,Tokyo,107
211,Kumamoto,107
212,Nara,107
213,Chiba,107
214,Osaka,107
215,Miyagi,107
216,Hyogo,107
217,Kanagawa,107
218,Fukuoka,107
219,Aichi,107
220,Ehime,107
221,Yamagata,107
222,Hokkaido,107
223,Kagoshima,107
224,Seoul,112
225,Busan,112
226,Gangwon,112
227,Jeollanam,112
228,Ulsan,112
229,Gyeongsangbuk,112
230,Gyeongsangnam,112
231,Chungcheongnam,112
232,Rīga,117
233,Lviv,214
234,Kaunas,124
235,Luxembourg,125
236,Analamanga,126
237,Perak,129
238,Pulau Pinang,129
239,Selangor,129
240,Johor,129
241,Puebla,133
242,Baja California,133
243,Querétaro,133
244,Jalisco,133
245,Plaines Wilhems,142
246,Overijssel,148
247,Gelderland,148
248,Noord-Holland,148
249,Noord-Brabant,148
250,Zuid-Holland,148
251,Dolj,171
252,Utrecht,148
253,Friesland,148
254,Lagos,150
255,Plateau,150
256,Enugu,150
257,Kwara,150
258,Trøndelag,152
259,İstanbul,209
260,Oslo,152
261,Vestfold og Telemark,152
262,Viken,152
263,Wellington,154
264,Northland,154
265,Auckland,154
266,Gisborne,154
267,Southland,154
268,Manawatu-Wanganui,154
269,Sindh,156
270,Asunción,158
271,Misiones,9
272,Lima,159
273,Córdoba,9
274,Opolskie,164
275,Wielkopolskie,164
276,Pomorskie,164
277,Łódzkie,164
278,Śląskie,164
279,Mazowieckie,164
280,Zachodniopomorskie,164
281,Varna,33
282,Burgas,33
283,Sliven,33
284,Kyustendil,33
285,Dobrich,33
286,Lovech,33
287,Pernik,33
288,Saint Michael,18
289,Northwest Territories,37
290,Manitoba,37
291,Alberta,37
292,Delta,150
293,Hong Kong,91
294,Essequibo Islands-West Demerara,89
295,Campobasso,103
296,Demerara-Mahaica,89
297,Ohio,217
298,Pool,39
299,Kinshasa,45
300,Likouala,39
301,Al-Qahira,62
302,Los Ríos,41
303,Los Lagos,41
304,Valparaíso,41
305,Tarapacá,41
306,Antofagasta,41
307,Biobío,41
308,Araucanía,41
309,Heilongjiang,42
310,Northwest,44
311,Littoral,44
312,Centre,44
313,Caquetá,47
314,Bolívar,47
315,Casanare,47
316,Sucre,47
317,Magdalena,47
318,Antioquia,47
319,Atlántico,47
320,Australian Capital Territory,13
321,Northern Territory,13
322,Puerto Rico,167
323,Taiwan,206
324,Delaware,217
325,Tianjin,42
326,Thành phố Hồ Chí Minh,221
327,Florida,217
328,Aomori,107
329,New Jersey,217
330,Tainan,206
331,Texas,217
332,Taichung,206
333,Pinar del Río,54
334,Villa Clara,54
335,Ciego de Ávila,54
336,Sancti Spíritus,54
337,Guantánamo,54
338,Matanzas,54
339,Holguín,54
340,Ciudad de La Habana,54
341,Santiago de Cuba,54
342,Camagüey,54
343,Las Tunas,54
344,Distrito Nacional,60
345,Espaillat,60
346,Navarra,66
347,Vizcaya,66
348,Álava,66
349,Vicenza,103
350,Vaud,192
351,Rimini,103
352,Macerata,103
353,Novara,103
354,Foggia,103
355,Grosseto,103
356,Imperia,103
357,Pisa,103
358,Wakayama,107
359,Saitama,107
360,Shizuoka,107
361,Kochi,107
362,Akita,107
363,Miyazaki,107
364,Gifu,107
365,Splitsko-dalmatinska županija,52
366,Granma,54
367,Cienfuegos,54
368,Mayabeque,54
369,Karlovarský kraj,56
370,Košice,194
371,Trnava,194
372,Sivas,209
373,Sjælland,57
374,Syddanmark,57
375,La Romana,60
376,Santiago,60
377,La Vega,60
378,Monte Cristi,60
379,Sánchez Ramírez,60
380,San Pedro de Macorís,60
381,Guayas,61
382,Esmeraldas,61
383,Imbabura,61
384,Al-Gharbiyah,62
385,Al-Jizah,62
386,Al-Buhayrah,62
387,Al-Sharqiyah,62
388,San Salvador,65
389,Santa Cruz de Tenerife,66
390,Las Palmas,66
391,Zaragoza,66
392,Guipúzcoa,66
393,Komárom-Esztergom,93
394,Sumatera Utara,94
395,Rajasthan,95
396,Bihar,95
397,Tipperary,98
398,Venezia,103
399,Padova,103
400,Belluno,103
401,Agrigento,103
402,Verona,103
403,Trieste,103
404,Gorizia,103
405,Varese,103
406,Perugia,103
407,Samarqand,218
408,Grevenmacher,125
409,Transnistria,131
410,Illinois,217
411,Zavkhan,134
412,Ulaanbaatar,134
413,Limburg,148
414,Vestland,152
415,Canterbury,154
416,Bulawayo,230
417,Manila,160
418,Świętokrzyskie,164
419,Kujawsko-Pomorskie,164
420,Małopolskie,164
421,Distrito de Lisboa,165
422,Alba,171
423,Gauteng,172
424,Northern Cape,172
425,Zabaykalsky Kray,173
426,Respublika Dagestan,173
427,Respublika Tyva,173
428,Respublika Buryatiya,173
429,Maribor,183
430,Kamnik,183
431,Ljubljana,183
432,Skåne,195
433,Västra Götaland,195
434,Värmland,195
435,Västernorrland,195
436,Stockholm,195
437,Zlínský kraj,56
438,Banská Bystrica,194
439,Isparta,209
440,Trabzon,209
441,Ankara,209
442,Chernivtsi,214
443,Kyiv,214
444,Kharkiv,214
445,Moskva Oblast,173
446,Kirovohrad,214
447,Imereti,80
448,Donetsk,214
449,Nohijahoi Tobei Çumhuri,202
450,Brest,26
451,Chuvashkaya Respublika,173
452,Pärnumaa,67
453,Arizona,217
454,Colorado,217
455,Pennsylvania,217
456,Indiana,217
457,West Virginia,217
458,Michigan,217
459,Utah,217
460,Iowa,217
461,Massachusetts,217
462,Washington,217
463,Kansas,217
464,New York,217
465,Georgia,217
466,Maine,217
467,Varaždinska županija,52
468,Provincia de Buenos Aires,9
469,Tucumán,9
470,Santa Fe,9
471,Hainan,42
472,Zhejiang,42
473,Sichuan,42
474,Liaoning,42
475,Lagunes,43
476,Foča,24
477,Severni Banat,187
478,Grad Zagreb,52
479,Zadarska županija,52
480,Jihomoravský kraj,56
481,Moravskoslezský kraj,56
482,Středočeský kraj,56
483,Krung Thep Maha Nakhon,201
484,Pichincha,61
485,Gerona,66
486,Huesca,66
487,Málaga,66
488,Granada,66
489,Lérida,66
490,Chelyabinsk,173
491,Var,72
492,Ille-et-Vilaine,72
493,Bangui,35
494,Bouches-du-Rhône,72
495,Béjaïa,4
496,Distrito da Guarda,165
497,Região Autónoma da Madeira,165
498,Distrito de Leiria,165
499,Pyeongyang,166
500,București,171
501,Timiș,171
502,Olt,171
503,Argeș,171
504,Galați,171
505,Vaslui,171
506,Constanța,171
507,Free State,172
508,Eastern Cape,172
509,Almaty,108
510,Omsk,173
511,Nizhny Novgorod,173
512,Krym,214
513,Udmurtskaya Respublika,173
514,Dnipropetrovsk,214
515,Medvode,183
516,Ticino,192
517,Alpes-Maritimes,72
518,Zürich,192
519,Trenčín,194
520,Bratislava,194
521,Jönköping,195
522,Dalarna,195
523,Kalmar,195
524,Western,213
525,Uppsala,195
526,Halland,195
527,Gävleborg,195
528,Blekinge,195
529,Kronoberg,195
530,Vysočina,56
531,Chiang Mai,201
532,Nakhon Pathom,201
533,Surin,201
534,Kanchanaburi,201
535,Couva-Tabaquite-Talparo,207
536,Sidi Bouzid,208
537,Bryansk,173
538,Sumqayıt,15
539,Odesa,214
540,Respublika Bashkortostan,173
541,Kaliningrad,173
542,Montevideo,216
543,Nevada,217
544,Maryland,217
545,Pampanga,160
546,Missouri,217
547,Mississippi,217
548,Wisconsin,217
549,Yangon,144
550,District of Columbia,217
551,Minnesota,217
552,Alabama,217
553,Connecticut,217
554,Toshkent Shahri,218
555,Zulia,220
556,Aragua,220
557,Salto,216
558,Distrito Capital,220
559,Vukovarsko-srijemska županija,52
560,Severna Bačka,187
561,Srednji Banat,187
562,Harare,230
563,Tuzlanski kanton,24
564,Bakı,15
565,Zamora,66
566,Almería,66
567,Castellón,66
568,Cantabria,66
569,Burgos,66
570,Alicante,66
571,Murcia,66
572,Melilla,66
573,Sevilla,66
574,Valencia,66
575,Badajoz,66
576,León,66
577,Lääne-Virumaa,67
578,Ida-Virumaa,67
579,Addis Ababa,68
580,Oromiya,68
581,Rewa,70
582,Lau,70
583,Ba,70
584,Leningrad,173
585,Keski-Suomi,71
586,Päijät-Häme,71
587,Kymenlaakso,71
588,Pohjois-Savo,71
589,Varsinais-Suomi,71
590,Etelä-Karjala,71
591,Respublika Kareliya,173
592,Oran,4
593,Charente,72
594,Haute-Garonne,72
595,Haute-Vienne,72
596,Tunis,208
597,Maine-et-Loire,72
598,Guadeloupe,72
599,Territoire de Belfort,72
600,Haute-Savoie,72
601,Loiret,72
602,Haute-Marne,72
603,Loir-et-Cher,72
604,Saône-et-Loire,72
605,Eure,72
606,Gers,72
607,Seine-Maritime,72
608,Dakar,178
609,Charente-Maritime,72
610,Loire-Atlantique,72
611,Tlemcen,4
612,Loire,72
613,Marne,72
614,Aude,72
615,Lot-et-Garonne,72
616,Ardennes,72
617,Martinique,72
618,Segovia,66
619,Isère,72
620,Savoie,72
621,Orne,72
622,Constantine,4
623,Annaba,4
624,Az-Zawiyah,118
625,Moyen-Ogooué,75
626,Oita,107
627,Incheon,112
628,Jeollabuk,112
629,Chinandega,147
630,Matagalpa,147
631,Rivas,147
632,Managua,147
633,Curaçao,232
634,Aruba,11
635,Taoyuan,206
636,New Mexico,217
637,Tennessee,217
638,Kentucky,217
639,South Carolina,217
640,Oklahoma,217
641,South Dakota,217
642,Louisiana,217
643,Pleven,33
644,Stara Zagora,33
645,Tartumaa,67
646,Boumerdès,4
647,Cuanza Sul,6
648,Mendoza,9
649,Chaco,9
650,San Juan,9
651,Entre Ríos,9
652,Chubut,9
653,La Pampa,9
654,Ogooué-Maritime,75
655,Northern Ireland,77
656,Clarendon,105
657,Berlin,82
658,Suceava,171
659,Brandenburg,82
660,Sachsen-Anhalt,82
661,Lubuskie,164
662,Köln,
663,Žilina,194
664,Pardubický kraj,56
665,Gjakova,113
666,Podlaskie,164
667,Greater Accra,83
668,Volta,83
669,Eastern,83
670,Sterea Ellada,84
671,Dutiki Ellada,84
672,Thessalia,84
673,Apkhazeti,80
674,Ionia Nesia,84
675,Guatemala,86
676,Békes,93
677,Jász-Nagykun-Szolnok,93
678,Nógrád,93
679,Győr-Moson-Sopron,93
680,Csongrád,93
681,Tolna,93
682,Bács-Kiskun,93
683,Veszprém,93
684,Bali,94
685,Maluku,94
686,Nusa Tenggara Timur,94
687,Viqueque,204
688,Kepulauan Riau,94
689,Gandaki,149
690,Haryana,95
691,Madhyama,188
692,Madhya Pradesh,95
693,National Capital Territory of Delhi,95
694,Azarbaijan Gharbi,97
695,Tehran,97
696,Khuzestan,97
697,Galway,98
698,Limerick,98
699,Waterford,98
700,Kilkenny,98
701,Cork,98
702,Kildare,98
703,Mayo,98
704,Offaly,98
705,Oristano,103
706,Latina,103
707,Izola,183
708,Como,103
709,Firenze,103
710,Sassari,103
711,Crotone,103
712,Caserta,103
713,Viterbo,103
714,Brescia,103
715,Monza e Brianza,103
716,Bergamo,103
717,Palermo,103
718,Rovigo,103
719,Lecco,103
720,Lucca,103
721,Salerno,103
722,Trapani,103
723,Enna,103
724,Bari,103
725,Piacenza,103
726,Pesaro e Urbino,103
727,Cagliari,103
728,Livorno,103
729,Vibo Valentia,103
730,Cremona,103
731,Primorsko-goranska županija,52
732,Brindisi,103
733,Manchester,105
734,Okinawa,107
735,Fukushima,107
736,Niigata,107
737,Iwate,107
738,Saga,107
739,Zhambyl,108
740,Almaty Oblysy,108
741,Quaraghandy,108
742,Ongutsik Qazaqstan,108
743,Nairobi,109
744,Nakuru,109
745,Busia,109
746,Kitui,109
747,Bishkek,110
748,Hamgyeongnam,166
749,Chungcheongbuk,112
750,Jeju,112
751,Limbažu novads,117
752,Jelgava,117
753,Montserrado,120
754,Panevėžys,124
755,Vilnius,124
756,Liepāja,117
757,Šiauliai,124
758,Oriental,128
759,Fès-Meknès,128
760,Tanger-Tetouan-Al Hoceima,128
761,Souss-Massa,128
762,Marrakesh-Safi,128
763,Lilongwe,130
764,Iași,171
765,Sonora,133
766,Veracruz,133
767,Nuevo León,133
768,Sinaloa,133
769,Michoacán,133
770,Durango,133
771,Guerrero,133
772,Tamaulipas,133
773,Guanajuato,133
774,San Luis Potosí,133
775,Bulgan,134
776,Bamako,137
777,Mandalay,144
778,Ayeyarwady,144
779,Mizoram,95
780,Erongo,145
781,Atlántico Norte,147
782,Groningen,148
783,Kayseri,209
784,Sal,50
785,Paramaribo,193
786,Bagmati,149
787,Ondo,150
788,Oyo,150
789,Rivers,150
790,Edo,150
791,Abia,150
792,Tillabéri,151
793,Nordland,152
794,Innlandet,152
795,Rogaland,152
796,Agder,152
797,Møre og Romsdal,152
798,Troms og Finnmark,152
799,Otago,154
800,West Coast,154
801,Taranaki,154
802,Nelson,154
803,Balochistan,156
804,Khyber-Pukhtunkhwa,156
805,Colón,157
806,Panamá,157
807,Caaguazú,158
808,La Libertad,159
809,Loreto,159
810,Ica,159
811,Tarlac,160
812,Palawan,160
813,Cebu City,160
814,San Luis,9
815,Corrientes,9
816,Río Negro,9
817,Lori,10
818,Tuamasaga,176
819,Reggio Calabria,103
820,Celje,183
821,Královéhradecký kraj,56
822,Jablanica,187
823,Šibensko-kninska županija,52
824,Prizren,113
825,Cuenca,66
826,Nagano,107
827,Kanton Sarajevo,24
828,Kostroma,173
829,Sverdlovsk,173
830,Unsko-sanski kanton,24
831,Savona,103
832,Tshopo,45
833,Oregon,217
834,Mary,203
835,La Rioja,66
836,Ningxia,42
837,Montana,217
838,Respublika Mary El,173
839,Haskovo,33
840,Šumadija,187
841,Dubrovačko-neretvanska županija,52
842,Trbovlje,183
843,Liberecký kraj,56
844,New Brunswick,37
845,Respublika Komi,173
846,Shiga,107
847,Pavlodar,108
848,Blagoevgrad,33
849,Banja Luka,24
850,Mostaganem,4
851,Yamaguchi,107
852,Haut-Katanga,45
853,Nitra,194
854,Kyiv Oblast,214
855,Khabarovsk Kray,173
856,Aqmola,108
857,Zeničko-dobojski kanton,24
858,Gyeonggi,112
859,Stavropol Kray,173
860,Idaho,217
861,Kasaï central,45
862,Raška,187
863,Novosibirsk,173
864,Belgorod,173
865,Minas Gerais,30
866,Prince Edward Island,37
867,Sud-Kivu,45
868,Kabardino-Balkarskaya Respublika,173
869,Forlì-Cesena,103
870,Sevastopol,214
871,Daugavpils novads,117
872,Mato Grosso,30
873,Ruse,33
874,Krasnodar Kray,173
875,Zakarpattia,214
876,Ličko-senjska županija,52
877,Skopje,136
878,Pskov,173
879,Cherkasy,214
880,Udine,103
881,Bur Said,62
882,Chihuahua,133
883,Xinjiang,42
884,Arequipa,159
885,Harjumaa,67
886,Västmanland,195
887,Bahia,30
888,Astrakhan,173
889,Iloilo,160
890,Albay,160
891,Zacatecas,133
892,Volgograd,173
893,Espírito Santo,30
894,Haut-Rhin,72
895,Osječko-baranjska županija,52
896,Arkansas,217
897,Pangasinan,160
898,North Carolina,217
899,Tomsk,173
900,Tarn,72
901,Istarska županija,52
902,Nebraska,217
903,Klaipėda,124
904,Ardèche,72
905,Negros Oriental,160
906,Paysandú,216
907,Luanda,6
908,Virginia,217
909,Fejér,93
910,Mačva,187
911,Abidjan,43
912,Hercegovačko-neretvanski kanton,24
913,Callao,159
914,Lara,220
915,Zlatibor,187
916,Volyn,214
917,Junín,159
918,Piura,159
919,Veraguas,157
920,Lambayeque,159
921,Sulu,160
922,Pernambuco,30
923,New Hampshire,217
924,Zapadna Bačka,187
925,Kherson,214
926,Marijampolė,124
927,Moravica,187
928,Vologda,173
929,Drôme,72
930,Satu Mare,171
931,Cádiz,66
932,Çanakkale,209
933,Singapore,180
934,Jõgevamaa,67
935,Roscommon,98
936,Benguet,160
937,Mato Grosso do Sul,30
938,Utena,124
939,Södermanland,195
940,Lubelskie,164
941,Võrumaa,67
942,Podgorica,139
943,Sisačko-moslavačka županija,52
944,Zala,93
945,Cēsu novads,117
946,Santiago del Estero,9
947,Valladolid,66
948,Occidental Mindoro,160
949,Wexford,98
950,Rizal,160
951,Zamboanga del Sur,160
952,Leyte,160
953,Pistoia,103
954,Fukui,107
955,Canelones,216
956,Homs,197
957,Beni Suef,62
958,Bohol,160
959,Thiès,178
960,Kerry,98
961,Capiz,160
962,Treinta y Tres,216
963,Alytus,124
964,Ryazan,173
965,Pljevlja,139
966,Teramo,103
967,Koper,183
968,Monaco,140
969,Nikšić,139
970,Braničevo,187
971,Salamanca,66
972,Pčinja,187
973,Cavite,160
974,Tacuarembó,216
975,Southern Leyte,160
976,La Coruña,66
977,Bulacan,160
978,Ayacucho,159
979,Islas Baleares,66
980,Aïn Témouchent,4
981,Rio Grande do Norte,30
982,Rostov,173
983,San Cristóbal,60
984,Ternopil,214
985,Telšiai,124
986,Sughd,202
987,Alpes-de-Haute-Provence,72
988,Veliko Tarnovo,33
989,Messina,103
990,Ventspils,117
991,Moquegua,159
992,Yukon,37
993,Sidi Bel Abbès,4
994,Blida,4
995,Tipasa,4
996,Tizi Ouzou,4
997,Morobe,163
998,Tirol,14
999,Vorarlberg,14
1000,Namur,20
1001,Brabant Wallon,20
1002,Homel,26
1003,Mahilyow,26
1004,Pará,30
1005,Vidin,33
1006,Negros Occidental,160
1007,Quezon,160
1008,Misamis Oriental,160
1009,Laguna,160
1010,Copperbelt,229
1011,Prahova,171
1012,Maramureș,171
1013,Mehedinți,171
1014,Harghita,171
1015,Brăila,171
1016,Caraș-Severin,171
1017,Buzău,171
1018,Teleorman,171
1019,Brașov,171
1020,Sibiu,171
1021,Ialomița,171
1022,Mpumalanga,172
1023,North West,172
1024,Limpopo,172
1025,Orenburg,173
1026,Irkutsk,173
1027,Samara,173
1028,Puttalam,188
1029,Sabaragamuwa,188
1030,Al-Khartum,191
1031,Upper Nile,189
1032,Janub Kurdufan,191
1033,Al-Jazirah,191
1034,Thurgau,192
1035,Aargau,192
1036,Bern,192
1037,Neuchâtel,192
1038,Sankt Gallen,192
1039,Basel-Landschaft,192
1040,Örebro,195
1041,Östergötland,195
1042,Susa,208
1043,Norrbotten,195
1044,Bujumbura Mairie,19
1045,Mara,198
1046,Tanga,198
1047,Khon Kaen,201
1048,Samut Prakan,201
1049,Maha Sarakham,201
1050,Prachuap Khiri Khan,201
1051,Samut Sakhon,201
1052,Kaohsiung,206
1053,San Juan-Laventille,207
1054,Kairouan,208
1055,Jendouba,208
1056,Kef,208
1057,Adana,209
1058,Konya,209
1059,Yozgat,209
1060,Artvin,209
1061,Mersin,209
1062,Central,213
1063,Northern,213
1064,Mykolaïv,214
1065,Respublika Sakha,173
1066,Voronezh,173
1067,Shirak,10
1068,Oryol,173
1069,Zaporizhzhia,214
1070,Kostanay,108
1071,Magadan,173
1072,Tula,173
1073,Fargona,218
1074,Chechenskaya Respublika,173
1075,Bălți,131
1076,Ivanovo,173
1077,Perm Kray,173
1078,Lipetsk,173
1079,Soriano,216
1080,Rocha,216
1081,Durazno,216
1082,Hawaiʻi,217
1083,Andijon,218
1084,Xorazm,218
1085,Tafea,219
1086,Miranda,220
1087,Carabobo,220
1088,Monagas,220
1089,Podunavlje,187
1090,Berane,139
1091,Srednjobosanski kanton,24
1092,Kolubara,187
1093,Nišava,187
1094,Cetinje,139
1095,Kumanovo,136
1096,Toplica,187
1097,Prishtinë,113
1098,Požeško-slavonska županija,52
1099,Manicaland,230
1100,Neuquén,9
1101,Doboj,24
1102,Minsk Voblast,26
1103,La Paz,28
1104,Vratsa,33
1105,Waikato,154
1106,Comoé,43
1107,Cartago,51
1108,Alajuela,51
1109,Lugo,66
1110,Ceuta,66
1111,Teruel,66
1112,Orense,66
1113,Etelä-Savo,71
1114,Morbihan,72
1115,Nièvre,72
1116,Hautes-Pyrénées,72
1117,Ain,72
1118,Jura,72
1119,Vosges,72
1120,Landes,72
1121,Tarn-et-Garonne,72
1122,Deux-Sèvres,72
1123,Vienne,72
1124,Indre-et-Loire,72
1125,Imtarfa,138
1126,Heves,93
1127,HaDarom,101
1128,Verbano-Cusio-Ossola,103
1129,Pordenone,103
1130,Sud Sardegna,103
1131,Catania,103
1132,Bolzano-Bozen,103
1133,Siracusa,103
1134,Trento,103
1135,Atyrau,108
1136,Valmiera,117
1137,Krustpils novads,117
1138,Diekirch,125
1139,Drenthe,148
1140,Cusco,159
1141,Distrito de Aveiro,165
1142,Cabinda,6
1143,Distrito do Porto,165
1144,Tulcea,171
1145,Ilfov,171
1146,Călărași,171
1147,Botoșani,171
1148,Respublika Tatarstan,173
1149,Primorsky Kray,173
1150,Nova Gorica,183
1151,Ivančna Gorica,183
1152,Schaffhausen,192
1153,Zug,192
1154,Jämtland,195
1155,Rivne,214
1156,Vinnytsia,214
1157,Novgorod,173
1158,Poltava,214
1159,Tver,173
1160,Respublika Mordoviya,173
1161,Krasnoyarsk Kray,173
1162,Khmelnytskyi,214
1163,Tambov,173
1164,Chernihiv,214
1165,Arkhangelsk,173
1166,Põlvamaa,67
1167,Balkan,203
1168,Luhansk,214
1169,Saratov,173
1170,Basarabeasca,131
1171,Sumy,214
1172,Amur,173
1173,Tauragė,124
1174,Căușeni,131
1175,Sarthe,72
1176,Rhode Island,217
1177,Vermont,217
1178,Karlovačka županija,52
1179,Srem,187
1180,Kuala Lumpur,129
1181,Jersey,233
1182,Solothurn,192
1183,Meath,98
1184,Ar-Riyad,114
1185,Dâmbovița,171
1186,Oaxaca,133
1187,Graubünden,192
1188,México,133
1189,Coahuila,133
1190,Dordogne,72
1191,Aube,72
1192,Distrito de Portalegre,165
1193,East Berbice-Corentyne,89
1194,Covasna,171
1195,Nayarit,133
1196,Distrito de Santarém,165
1197,Guadalajara,66
1198,Caltanissetta,103
1199,Maputo,141
1200,Yonne,72
1201,Cantal,72
1202,Rieti,103
1203,Distrito de Évora,165
1204,Bogotá,47
1205,Al-Minufiyya,62
1206,Paget,22
1207,Balıkesir,209
1208,İzmir,209
1209,Sežana,183
1210,Cuneo,103
1211,Longford,98
1212,Chișinău,131
1213,Jaén,66
1214,Van,209
1215,Distrito de Coimbra,165
1216,Malatya,209
1217,Sergipe,30
1218,Mayenne,72
1219,Tovuz,15
1220,Kaluga,173
1221,Yaroslavl,173
1222,Targovishte,33
1223,Gotland,195
1224,Neamț,171
1225,Asti,103
1226,Hidalgo,133
1227,Vâlcea,171
1228,Corrèze,72
1229,Fribourg,192
1230,Guimaras,160
1231,Zhytomyr,214
1232,Vendée,72
1233,Distrito de Viana do Castelo,165
1234,Flevoland,148
1235,Boyacá,47
1236,Zeeland,148
1237,Appenzell Innerrhoden,192
1238,Avannaata,234
1239,Reggio Emilia,103
1240,Uasin Gishu,109
1241,Tukuma novads,117
1242,Uri,192
1243,Beirut,119
1244,Luzern,192
1245,Lefkosia,55
1246,Saint Lucy,18
1247,Ariège,72
1248,Ogres novads,117
1249,Ferrara,103
1250,Risaralda,47
1251,Maule,41
1252,Flores,216
1253,Aveyron,72
1254,Vipava,183
1255,Koprivničko-križevačka županija,52
1256,Colonia,216
1257,Santa Cruz,28
1258,Valais,192
1259,Lodi,103
1260,Santa Catarina,30
1261,Arezzo,103
1262,Demerara,89
1263,Santander,47
1264,Valle del Cauca,47
1265,Chieti,103
1266,Città di San Marino,184
1267,Avellino,103
1268,Ascoli Piceno,103
1269,Kobarid,183
1270,San Fernando,207
1271,Terni,103
1272,Carchi,61
1273,Tacna,159
1274,Chanthaburi,201
1275,Jujuy,9
1276,Kranj,183
1277,Creuse,72
1278,Vercelli,103
1279,Razgrad,33
1280,Maldonado,216
1281,Aguascalientes,133
1282,Wicklow,98
1283,Sondrio,103
1284,Tyumen,173
1285,Zou,21
1286,Železniki,183
1287,Port of Spain,207
1288,Soria,66
1289,Ararat,10
1290,Maekel,64
1291,Cauca,47
1292,Misamis Occidental,160
1293,Eschen,123
1294,Ruggell,123
1295,Cundinamarca,47
1296,Schaan,123
1297,An Giang,221
1298,Notio Aigaio,84
1299,Quetzaltenango,86
1300,Chimborazo,61
1301,Toledo,66
1302,Tochigi,107
1303,Keski-Pohjanmaa,71
1304,Bremen,82
1305,Kursk,173
1306,Ishikawa,107
1307,Burgenland,14
1308,Rasina,187
1309,Saaremaa,67
1310,Trujillo,220
1311,Cần Thơ,221
1312,Goiás,30
1313,Kagawa,107
1314,Guam,88
1315,Jelgavas novads,117
1316,Tungurahua,61
1317,Schwyz,192
1318,Táchira,220
1319,Amhara,68
1320,Cayman Islands,38
1321,Marlborough,154
1322,Santa Ana,65
1323,Portuguesa,220
1324,Tirana,3
1325,Mongala,45
1326,Smiltenes novads,117
1327,Novo mesto,183
1328,Escaldes-Engordany,5
1329,Vlasenica,24
1330,Dobeles novads,117
1331,Jaunjelgavas novads,117
1332,Zagrebačka županija,52
1333,Sofia Oblast,33
1334,Isfahan,97
1335,Brežice,183
1336,Azarbaijan Sharqi,97
1337,Siparia,207
1338,Vakinankaratra,126
1339,Appenzell Ausserrhoden,192
1340,Catanzaro,103
1341,Caldas,47
1342,Tolima,47
1343,Arad,171
1344,Mérida,220
1345,Krāslavas novads,117
1346,Krapinsko-zagorska županija,52
1347,Burg,
1348,Sakarya,209
1349,Rondônia,30
1350,Belize,25
1351,Smolensk,173
1352,Astana,108
1353,Nagasaki,107
1354,Kalimantan Barat,94
1355,Khövsgöl,134
1356,Talsu novads,117
1357,Madonas novads,117
1358,Lavalleja,216
1359,Samar,160
1360,Soltustyk Qazaqstan,108
1361,Glarus,192
1362,National Capital District,163
1363,Saint Catherine,105
1364,Jabal Libnan,119
1365,Bago,144
1366,Benevento,103
1367,Montserrat,235
1368,Hà Nội,221
1369,Nord-Ouest,90
1370,Isle of Man,236
1371,Puducherry,95
1372,Kagera,198
1373,Falkland Islands,237
1374,Chhattisgarh,95
1375,Jharkhand,95
1376,Gujarat,95
1377,Chandigarh,95
1378,Manipur,95
1379,Kisumu,109
1380,Goa,95
1381,Mombasa,109
1382,Nyeri,109
1383,Kajiado,109
1384,Mwanza,198
1385,Daegu,112
1386,Daejeon,112
1387,Negeri Sembilan,129
1388,Kedah,129
1389,Melaka,129
1390,Sumatera Selatan,94
1391,Kadavu,70
1392,Islamabad,156
1393,Kerala,95
1394,As-Suways,62
1395,Blantyre,130
1396,Midlands,230
1397,Artemisa,54
1398,Läänemaa,67
1399,HaTzafons,101
1400,Siena,103
1401,Respublika Severnaya Osetiya-Alaniya,173
1402,Eskişehir,209
1403,Vargas,220
1404,Salta,9
1405,Divača,183
1406,Kočevje,183
1407,Équateur,45
1408,Sankuru,45
1409,Aisén,41
1410,Sud,90
1411,Južni Banat,187
1412,Indre,72
1413,Dhaka,17
1414,Tas-Sliema,138
1415,Peloponnesos,84
1416,Dutiki Makedonia,84
1417,Bijeljina,24
1418,Kotor,139
1419,Aceh,94
1420,Kermanshah,97
1421,Corse-du-Sud,72
1422,Kriti,84
1423,Barletta-Andria-Trani,103
1424,Beqaa,119
1425,Ash-Shamal,119
1426,Nabatiye,119
1427,Al-Janub,119
1428,Yucatán,133
1429,Sulawesi Tengah,94
1430,Sumatera Barat,94
1431,Distrito de Setúbal,165
1432,Distrito de Beja,165
1433,Distrito de Castelo Branco,165
1434,Distrito de Faro,165
1435,Västerbotten,195
1436,Kvemo Kartli,80
1437,Aktobe,108
1438,Vladimir,173
1439,Sakhalin,173
1440,Chuy,110
1441,Kemerovo,173
1442,Khánh Hòa,221
1443,Brodsko-posavska županija,52
1444,Virovitičko-podravska županija,52
1445,Mascara,4
1446,El Bayadh,4
1447,Ohrid,136
1448,Ivano-Frankivsk,214
1449,Paraíba,30
1450,Acre,30
1451,Maranhão,30
1452,Ceará,30
1453,Piauí,30
1454,Amazonas,30
1455,Yambol,33
1456,Kratovo,136
1457,Kentriki Makedonia,84
1458,Coquimbo,41
1459,Quindío,47
1460,Chocó,47
1461,Nariño,47
1462,Norte de Santander,47
1463,Heredia,51
1464,Limón,51
1465,Puntarenas,51
1466,Guanacaste,51
1467,Ad-Daqahliyah,62
1468,Asyut,62
1469,Al-Ismailiyah,62
1470,Dumyat,62
1471,Shamal Kurdufan,191
1472,Al-Minya,62
1473,Aswan,62
1474,Cabañas,65
1475,Usulután,65
1476,San Miguel,65
1477,Sonsonate,65
1478,La Unión,65
1479,Albacete,66
1480,Cáceres,66
1481,Järvamaa,67
1482,Chlef,4
1483,New Caledonia,238
1484,Gôh-Djiboua,43
1485,Skikda,4
1486,Haute-Loire,72
1487,Ashanti,83
1488,Escuintla,86
1489,Petén,86
1490,Suchitepéquez,86
1491,Izabal,86
1492,Alta Verapaz,86
1493,San Marcos,86
1494,Conakry,87
1495,Faranah,87
1496,Kindia,87
1497,Nagaland,95
1498,Lorestan,97
1499,Khorasan Razavi,97
1500,Hamadan,97
1501,Kerman,97
1502,Gilan,97
1503,Kurdistan,97
1504,Sligo,98
1505,Westmeath,98
1506,Donegal,98
1507,Salah ad-Din,99
1508,Al-Basrah,99
1509,Arbil,99
1510,Maysan,99
1511,HaMerkaz,101
1512,Massa-Carrara,103
1513,Biella,103
1514,Tottori,107
1515,Ibaraki,107
1516,Yamanashi,107
1517,Pyeonganbuk,166
1518,Hwanghaenam,166
1519,Gwangju,112
1520,Makkah,114
1521,Al-Madinah,114
1522,Al-Asimah,115
1523,Béni Mellal-Khénifra,128
1524,Kelantan,129
1525,Tabasco,133
1526,Morelos,133
1527,Tlaxcala,133
1528,Bengkulu,94
1529,Southwest,44
1530,Osun,150
1531,Kaduna,150
1532,Abuja,150
1533,Benue,150
1534,Imo,150
1535,Ogun,150
1536,Kano,150
1537,Cross River,150
1538,Paraguarí,158
1539,Cordillera,158
1540,Huancavelica,159
1541,Distrito de Vila Real,165
1542,Distrito de Braga,165
1543,São Tomé,190
1544,Bissau,78
1545,Huíla,6
1546,Ad-Dawhah,168
1547,Togdheer,186
1548,Bacău,171
1549,Hunedoara,171
1550,Sălaj,171
1551,Giurgiu,171
1552,Maritime,205
1553,Halab,197
1554,Dimashq,197
1555,Latakia,197
1556,Nong Khai,201
1557,Ubon Ratchathani,201
1558,Ayutthaya,201
1559,Phitsanulok,201
1560,Lopburi,201
1561,Songkhla,201
1562,Roi Et,201
1563,Sfax,208
1564,Bizerte,208
1565,Gabès,208
1566,Monastir,208
1567,Ariana,208
1568,Ben Arous,208
1569,Mahdia,208
1570,Afyonkarahisar,209
1571,Manisa,209
1572,Silistra,33
1573,Aydın,209
1574,Diyarbakır,209
1575,Elazığ,209
1576,Ulyanovsk,173
1577,Armavir,10
1578,Adjara,80
1579,Karachayevo-Cherkesskaya Respublika,173
1580,North Dakota,217
1581,Barinas,220
1582,Tetovo,136
1583,Kanton 10,24
1584,Berovo,136
1585,Pomoravlje,187
1586,Bjelovarsko-bilogorska županija,52
1587,Bitola,136
1588,Brčko Distrikt,24
1589,Štip,136
1590,Pejë,113
1591,Mitrovicë,113
1592,Dobrova-Polhov Gradec,183
1593,Trebinje,24
1594,Luapula,229
1595,Yunnan,42
1596,Niamey,151
1597,Yerushalayim,101
1598,Prato,103
1599,Papua Barat,94
1600,Vrancea,171
1601,Penza,173
1602,Respublika Khakasiya,173
1603,Buxoro,218
1604,Jesenice,183
1605,Ptuj,183
1606,Vuzenica,183
1607,Jiangxi,42
1608,Sermersooq,234
1609,Lot,72
1610,Sétif,4
1611,La Réunion,72
1612,Fermo,103
1613,Taranto,103
1614,Mie,107
1615,Okayama,107
1616,Shimane,107
1617,Göygöl,15
1618,Obwalden,192
1619,Gəncə,15
1620,Ashgabat,203
1621,Qaraqalpaqstan Respublikasi,218
1622,Brezovica,183
1623,Šenčur,183
1624,Bohinj,183
1625,Palencia,66
1626,Jessen,
1627,Jijel,4
1628,Brazzaville,39
1629,Shaanxi,42
1630,Sassandra-Marahoué,43
1631,Slovenj Gradec,183
1632,Norðurland eystra,100
1633,Höfuðborgarsvæði,100
1634,Gorj,171
1635,Alūksnes novads,117
1636,Alaska,217
1637,Kičevo,136
1638,Danilovgrad,139
1639,Bosansko-podrinjski kanton,24
1640,Pirot,187
1641,Herceg Novi,139
1642,Slovenska Bistrica,183
1643,Woleu-Ntem,75
1644,Darkhan-Uul,134
1645,Beyləqan,15
1646,Ordu,209
1647,Uvs,134
1648,Khentii,134
1649,Bayankhongor,134
1650,Bordj Bou Arréridj,4
1651,Khovd,134
1652,Ziguinchor,178
1653,Tarabulus,118
1654,Kakheti,80
1655,Sîngerei,131
1656,Respublika Adygeya,173
1657,Shida Kartli,80
1658,Samegrelo-Zemo Svaneti,80
1659,Macuata,70
1660,Sarajevo-Romanija,24
1661,Região Autónoma dos Açores,165
1662,Töv,134
1663,Dajabón,60
1664,Thừa Thiên-Huế,221
1665,Sükhbaatar,134
1666,Racha-Lechkhumi da Kvemo Svaneti,80
1667,Guelmim-Oued Noun,128
1668,Gafsa,208
1669,Pembroke,22
1670,Distrito de Viseu,165
1671,Smolyan,33
1672,Nei Mongol,42
1673,Kafr As-Sayh,62
1674,Viljandimaa,67
1675,Saint-Louis,178
1676,Belt Valletta,138
1677,Halle,
1678,Kalbe,
1679,Epeiros,84
1680,Carlow,98
1681,Cavan,98
1682,Laois,98
1683,Piran,183
1684,Nuoro,103
1685,Chiapas,133
1686,Gibraltar,239
1687,Bay of Plenty,154
1688,Nidwalden,192
1689,Skrundas novads,117
1690,Daugavpils,117
1691,Iecavas novads,117
1692,Wyoming,217
1693,Bled,183
1694,Zaječar,187
1695,Andorra la Vella,5
1696,Cochabamba,28
1697,Corozal,25
1698,Anhui,42
1699,Larnaka,55
1700,Ammokhostos,55
1701,Hato Mayor,60
1702,Haute-Corse,72
1703,Béja,208
1704,Boeny,126
1705,Guernsey,240
1706,Lemesos,55
1707,Voreio Aigaio,84
1708,Santa Rosa,86
1709,Chiquimula,86
1710,Fars,97
1711,Banaadir,186
1712,Lecce,103
1713,Mafraq,106
1714,Machakos,109
1715,Kangweon,166
1716,Olaines novads,117
1717,Siguldas novads,117
1718,Amatas novads,117
1719,Mauren,123
1720,Vaduz,123
1721,Campeche,133
1722,Colima,133
1723,Övörkhangai,134
1724,Mosta,138
1725,Hardap,145
1726,Lumbini,149
1727,Ad-Dakhiliyah,155
1728,Ancash,159
1729,Cajamarca,159
1730,Nueva Ecija,160
1731,Malabon,160
1732,Mashonaland East,230
1733,Briceni,131
1734,Ardahan,209
1735,Postojna,183
1736,Borgo Maggiore,184
1737,Jonglei,189
1738,Prachinburi,201
1739,Arima,207
1740,Shyrgys Qazaqstan,108
1741,Batys Qazaqstan,108
1742,Anzoátegui,220
1743,Bạc Liêu,221
1744,Norfolk Island,241
1745,Upper Demerara-Berbice,89
1746,Sandys,22
1747,Beni,28
1748,Al-Muharaq,31
1749,Adan,226
1750,Chongqing,42
1751,Huila,47
1752,Isla de la Juventud,54
1753,Saint Paul,59
1754,Manabí,61
1755,Bioko Norte,81
1756,Cortés,92
1757,Vestfirðir,100
1758,Pescara,103
1759,Tokushima,107
1760,Niassa,141
1761,Kachin,144
1762,Khomas,145
1763,Falcón,220
1764,Madang,163
1765,Batangas,160
1766,Ilocos Norte,160
1767,Zambezia,141
1768,Hhohho,196
1769,Gaziantep,209
1770,Kirov,173
1771,Syunik,10
1772,Kurgan,173
1773,Bến Tre,221
1774,Tivat,139
1775,Papua,94
1776,Nusa Tenggara Barat,94
1777,Alagoas,30
1778,Groß Pankow,
1779,Khatlon,202
1780,Jalal-Abad,110
1781,Găgăuzia,131
1782,Bangka-Belitung,94
1783,Saint Philip,7
1784,Shkodër,3
1785,Batna,4
1786,Lənkəran Şəhər,15
1787,İsmayıllı,15
1788,Shumen,33
1789,Guizhou,42
1790,Valgamaa,67
1791,Rotuma,70
1792,Osh,110
1793,Vlorë,3
1794,Korçë,3
1795,Sulawesi Barat,94
1796,Lampung,94
1797,Mazandaran,97
1798,Ardabil,97
1799,Benghazi,118
1800,Gyeongsang,112
1801,Pļaviņu novads,117
1802,Valkas novads,117
1803,Saldus novads,117
1804,Cahul,131
1805,Fălești,131
1806,Tanintharyi,144
1807,Buada,153
1808,Coclé,157
1809,Zambales,160
1810,Namangan,218
1811,Anetan,153
1812,Hîncești,131
1813,Kabul,1
1814,Durrës,3
1815,Samsun,209
1816,Şirvan,15
1817,Santo Domingo,60
1818,Åland,71
1819,Gabú,78
1820,Bismark,
1821,Murska Sobota,183
1822,Guria,80
1823,München,
1824,Kars,209
1825,Zacapa,86
1826,Labé,87
1827,Markazi,97
1828,Qazvin,97
1829,Golestan,97
1830,Toyama,107
1831,Burtnieku novads,117
1832,Rūjienas novads,117
1833,Aizputes novads,117
1834,Lielvārdes novads,117
1835,Hatay,209
1836,Criuleni,131
1837,Arkhangai,134
1838,Selenge,134
1839,Lənkəran Rayon,15
1840,Yalova,209
1841,Kahramanmaraş,209
1842,Tokat,209
1843,Çorum,209
1844,Rize,209
1845,Gümüşhane,209
1846,Kocaeli,209
1847,Amasya,209
1848,Erzincan,209
1849,Giresun,209
1850,Denizli,209
1851,Erzurum,209
1852,Antalya,209
1853,Karabük,209
1854,Düzce,209
1855,Ağrı,209
1856,Mtskheta-Mtianeti,80
1857,Kamchatka Kray,173
1858,Xocavənd,15
1859,Gegharkunik,10
1860,Cəbrayıl,15
1861,Strumica,136
1862,Zelenikovo,136
1863,Rankovce,136
1864,Petrovec,136
1865,Biskra,4
1866,Saulkrastu novads,117
1867,Encamp,5
1868,Uttaradit,201
1869,Bengo,6
1870,Leitrim,98
1871,Tasman,154
1872,Port Louis,142
1873,Assam,95
1874,Hiiumaa,67
1875,El Oued,4
1876,Sant Julià de Lòria,5
1877,Itapúa,158
1878,Auces novads,117
1879,Trelawny,105
1880,West Grand Bahama,16
1881,Bimini,16
1882,Tobago,207
1883,Karuzi,19
1884,Makamba,19
1885,Bururi,19
1886,Oruro,28
1887,Francistown,29
1888,Saint James,105
1889,Rio Claro-Mayaro,207
1890,Artibonite,90
1891,Saint Andrew,105
1892,Saint George,222
1893,Newfoundland and Labrador,37
1894,Saint George Basseterre,181
1895,Hanover,105
1896,Westmoreland,105
1897,Niari,39
1898,Lac,40
1899,Magallanes and Antártica Chilena,41
1900,Atacama,41
1901,Qinghai,42
1902,Savanes,43
1903,Vallée du Bandama,43
1904,Zanzan,43
1905,Bas-Sassandra,43
1906,Hauts-Bassins,34
1907,Far North,44
1908,Cesar,47
1909,San Andrés and Providencia,47
1910,Mohéli,48
1911,Praia,50
1912,Zapadnohercegovački kanton,24
1913,Međimurska županija,52
1914,Norðurland vestra,100
1915,Ali Sabieh,58
1916,Saint John,59
1917,Saint-Martin,242
1918,Azuay,61
1919,Cotopaxi,61
1920,Morazán,65
1921,Ávila,66
1922,Somali,68
1923,Tigray,68
1924,Nadroga-Navosa,70
1925,Cakaudrove,70
1926,Serua,70
1927,Bua,70
1928,Ouémé,21
1929,Lozère,72
1930,Distrito de Bragança,165
1931,Moyen-Chari,40
1932,Banjul,76
1933,Iringa,198
1934,Saint Elizabeth,105
1935,Anguilla,244
1936,Les Mamelles,179
1937,Clare,98
1938,Khulna,17
1939,Kirkuk,99
1940,Werder,
1941,Nienburg,
1942,Litoral,81
1943,Wallendorf,
1944,Brong-Ahafo,83
1945,Upper East,83
1946,Anatoliki Makedonia kai Thraki,84
1947,Paphos,55
1948,Jalapa,86
1949,Ouest,90
1950,Francisco Morazán,92
1951,Kalimantan Selatan,94
1952,Khorasan Jonubi,97
1953,Ninawa,99
1954,Suðurland,100
1955,Vesturland,100
1956,Gros Islet,121
1957,Aosta,103
1958,Potenza,103
1959,Portland,105
1960,Saint Ann,105
1961,Saint Mary,105
1962,Elgeyo-Marakwet,109
1963,Nandi,109
1964,Kericho,109
1965,Laikipia,109
1966,Kisii,109
1967,Baringo,109
1968,Trans-Nzoia,109
1969,Bungoma,109
1970,Kakamega,109
1971,Narok,109
1972,Nyamira,109
1973,Jizan,114
1974,Preiļu novads,117
1975,Grand Kru,120
1976,Castries,121
1977,Balzers,123
1978,Itasy,126
1979,Alaotra Mangoro,126
1980,Atsimo-Andrefana,126
1981,Drâa-Tafilalet,128
1982,Sarawak,129
1983,Labuan,129
1984,Sabah,129
1985,Terengganu,129
1986,Baja California Sur,133
1987,Karnali,149
1988,Adamawa,150
1989,Anambra,150
1990,South,44
1991,Ekiti,150
1992,Gongola,150
1993,San Martín,159
1994,Romblon,160
1995,Sorsogon,160
1996,Camarines Sur,160
1997,Antique,160
1998,Deir el-Balah,161
1999,New Ireland,163
2000,Bougainville,163
2001,East New Britain,163
2002,Milne Bay,163
2003,Sandaun,163
2004,Anenii Noi,131
2005,Bolama,78
2006,South East,29
2007,Fatick,178
2008,Saint Peter Basseterre,181
2009,Makira-Ulawa,185
2010,Guadalcanal,185
2011,Sool,186
2012,Gedo,186
2013,Marowijne,193
2014,Manzini,196
2015,Hama,197
2016,Singida,198
2017,Arusha,198
2018,Dodoma,198
2019,Manyara,198
2020,Buri Ram,201
2021,Kara,205
2022,Diego Martin,207
2023,Penal-Debe,207
2024,Chaguanas,207
2025,Point Fortin,207
2026,Tunapuna-Piarco,207
2027,Kasserine,208
2028,Tekirdağ,209
2029,Bursa,209
2030,Naxçıvan Şəhər,15
2031,Ventspils novads,117
2032,Respublika Altay,173
2033,Talas,110
2034,Viesītes novads,117
2035,Astara,15
2036,Kyzylorda,108
2037,Jēkabpils,117
2038,Rivera,216
2039,Sanma,219
2040,Shefa,219
2041,Malampa,219
2042,Yaracuy,220
2043,Guárico,220
2044,Ninh Thuận,221
2045,Bloke,183
2046,Šmarje pri Jelšah,183
2047,Straža,183
2048,Ulcinj,139
2049,Žirovnica,183
2050,Kozje,183
2051,Lendava,183
2052,Črnomelj,183
2053,Southern,229
2054,Mashonaland West,230
2055,Trashigang,23
2056,Arica and Parinacota,41
2057,Hautes-Alpes,72
2058,Škofja Loka,183
2059,Domžale,183
2060,Triesenberg,123
2061,Pyeongannam,166
2062,Willingen,
2063,Hamgyeongbuk,166
2064,Radovljica,183
2065,Yamalo-Nenets Avtonomny Okrug,173
2066,Nenets Avtonomny Okrug,173
2067,Chagang,166
2068,Murmansk,173
2069,Črna na Koroškem,183
2070,Kranjska Gora,183
2071,Riau,94
2072,Cosenza,103
2073,Bijelo Polje,139
2074,Kolašin,139
2075,Samtskhe-Javakheti,80
2076,Sint Maarten,245
2077,Acklins,16
2078,North East,29
2079,Bujumbura Rural,19
2080,Vecpiebalgas novads,117
2081,Bitlis,209
2082,Žiri,183
2083,Prevalje,183
2084,On Cyprus,77
2085,Brocēnu novads,117
2086,Al-Janobiyah,31
2087,Tržič,183
2088,Braslovče,183
2089,Ilūkstes novads,117
2090,Logatec,183
2091,Saint Patrick,59
2092,Azua,60
2093,Debub,64
2094,Dili,204
2095,El Quiché,86
2096,Tripura,95
2097,Dol pri Ljubljani,183
2098,Balvu novads,117
2099,Khanty-Mansi Avtonomny Okrug,173
2100,Triesen,123
2101,Vecumnieku novads,117
2102,Bomet,109
2103,Asir,114
2104,Ash-Sharqiyah,114
2105,Rēzekne,117
2106,Aizkraukles novads,117
2107,Bauskas novads,117
2108,Prilep,136
2109,Ungheni,131
2110,South Cotabato,160
2111,Cagayan,160
2112,Koror,162
2113,Benguela,6
2114,Uíge,6
2115,Huambo,6
2116,Līvānu novads,117
2117,Kaolack,178
2118,Šempeter-Vrtojba,183
2119,Velenje,183
2120,Çankırı,209
2121,Matabeleland South,230
2122,Estuaire,75
2123,Al-Wadi Al-Jadid,62
2124,Bobonaro,204
2125,Maseru,122
2126,Oshana,145
2127,Akwa Ibom,150
2128,Cotabato,160
2129,Cojedes,220
2130,Mingəçevir,15
2131,Borovnica,183
2132,Gansu,42
2133,Kuldīgas novads,117
2134,Ajdovščina,183
2135,Davao City,160
2136,Amman,106
2137,North,44
2138,West,44
2139,Comayagua,92
2140,Ocotepeque,92
2141,Atlántida,92
2142,Yoro,92
2143,Laghouat,4
2144,Trebnje,183
2145,Nabeul,208
2146,Ordino,5
2147,Lusaka,229
2148,Ialoveni,131
2149,Ștefan Vodă,131
2150,Qalyubiyah,62
2151,Sawhag,62
2152,Chonburi,201
2153,Kavadarci,136
2154,Masqat,155
2155,Dubai,211
2156,Saint David,59
2157,Tal-Pietà,138
2158,Phú Yên,221
2159,Barahona,60
2160,Lomaiviti,70
2161,Daşoguz,203
2162,Gədəbəy,15
2163,Ludzas novads,117
2164,Bayelsa,150
2165,Lacs,43
2166,Kırıkkale,209
2167,Mangystau,108
2168,La Massana,5
2169,Loška Dolina,183
2170,Tolmin,183
2171,Mežica,183
2172,Ravne na Koroškem,183
2173,Jūrmala,117
2174,Turks and Caicos Islands,246
2175,Mambéré-Kadéï,35
2176,Muş,209
2177,Gorje,183
2178,Yevreyskaya Avtonomnaya Oblast,173
2179,Vrhnika,183
2180,Radlje ob Dravi,183
2181,Kotayk,10
2182,Priekules novads,117
2183,Naklo,183
2184,Mālpils novads,117
2185,Kruševo,136
2186,Sinop,209
2187,Miklavž na Dravskem polju,183
2188,Kujalleq,234
2189,Pointe-Noire,39
2190,Sikkim,95
2191,Babil,99
2192,Karbala,99
2193,Dhi Qar,99
2194,An-Najaf,99
2195,Concepción,158
2196,Quintana Roo,133
2197,Ragusa,103
2198,Hải Phòng,221
2199,Guyane,72
2200,Amapá,30
2201,Abu Dhabi,211
2202,Nakhon Ratchasima,201
2203,Al-Fayyum,62
2204,Elbasan,3
2205,Hải Dương,221
2206,Aiwo,153
2207,Thanh Hoá,221
2208,Capital Territory,185
2209,Sirdaryo,218
2210,Kiribati,111
2211,Kütahya,209
2212,Meneng,153
2213,Yazd,97
2214,Rajshahi,17
2215,Ash-Shamaliyah,31
2216,Otjozondjupa,145
2217,Naama,4
2218,Malé,132
2219,Kilimanjaro,198
2220,Chuuk,74
2221,Ogooué-Ivindo,75
2222,Chaharmahal-o-Bakhtiyari,97
2223,Tombouctou,137
2224,Tambacounda,178
2225,Surat Thani,201
2226,Nueva Esparta,220
2227,Žalec,183
2228,Cañar,61
2229,West Pokot,109
2230,Diourbel,178
2231,Lebap,203
2232,Ghazza,161
2233,Qashqadaryo,218
2234,Navoiy,218
2235,Qubadlı,15
2236,Issyk-Kul,110
2237,Gjirokastër,3
2238,Taraclia,131
2239,Kukës,3
2240,Monte Plata,60
2241,Yevlax Şəhər,15
2242,Muğla,209
2243,Tiaret,4
2244,Shoa,68
2245,Baja Verapaz,86
2246,Lunda Sul,6
2247,Bar,139
2248,Valverde,60
2249,Independencia,60
2250,Zanjan,97
2251,Zagorje ob Savi,183
2252,Gostivar,136
2253,Šmartno ob Paki,183
2254,Al-Ahmadi,115
2255,Cerklje na Gorenjskem,183
2256,Mavrovo i Rostuša,136
2257,Islas de la Bahía,92
2258,Gracias a Dios,92
2259,Thimphu,23
2260,Tišina,183
2261,Tarija,28
2262,Janakpur,149
2263,Ségou,137
2264,Centre-Nord,34
2265,Zomba,130
2266,Vihiga,109
2267,Namibe,6
2268,Kəlbəcər,15
2269,Vientiane,116
2270,Santo Domingo de los Tsáchilas,61
2271,Orkhon,134
2272,Bayburt,209
2273,Jizzax,218
2274,Zamora-Chinchipe,61
2275,Respublika Ingushetiya,173
2276,Olancho,92
2277,Apure,220
2278,Irbid,106
2279,Orhei,131
2280,Tongatapu,200
2281,Maloelap,135
2282,Al-Batinah,155
2283,Nukulaelae,210
2284,Ahal,203
2285,Eastern Equatoria,189
2286,Gharb Darfur,191
2287,Mulanje,130
2288,Ariha,161
2289,Thái Nguyên,221
2290,Madriz,147
2291,Grande Comore,48
2292,Kosi,149
2293,Kiambu,109
2294,Ohangwena,145
2295,Baucau,204
2296,Tseka,122
2297,Saint Peter,7
2298,Gaborone,29
2299,Slovenske Konjice,183
2300,Dakunu,188
2301,Chiang Rai,201
2302,Saint Paul Charlestown,181
2303,Hodoš,183
2304,Gharb Kurdufan,191
2305,Simal Ghazza,161
2306,Sagarmatha,149
2307,Quthing,122
2308,Struga,136
2309,Suðurnes,100
2310,Sing Buri,201
2311,Jwaneng,29
2312,Bayt Lahm,161
2313,Malaita,185
2314,Bắc Ninh,221
2315,Uturumeda,188
2316,Narayani,149
2317,Moka,142
2318,New Taipei,206
2319,Plateaux,205
2320,Meta,47
2321,Streymoy,247
2322,Krško,183
2323,Jammu and Kashmir,95
2324,Gilgit-Baltistan,156
2325,Drochia,131
2326,Alborz,97
2327,Ryanggang,166
2328,Muramvya,19
2329,Kandal,36
2330,Atlantique,21
2331,Napo,61
2332,Ruyigi,19
2333,Cibitoke,19
2334,Tadjourah,58
2335,Sédhiou,178
2336,Haut-Ogooué,75
2337,Tavush,10
2338,Respublika Kalmykiya,173
2339,Kigali,174
2340,Dagana,23
2341,Taizz,226
2342,Dhamar,226
2343,Brunei-Muara,32
2344,Aïn Defla,4
2345,Médéa,4
2346,Mojkovac,139
2347,Santa Elena,61
2348,Pedernales,60
2349,Woroba,43
2350,Djibouti,58
2351,Lampang,201
2352,Dubăsari,131
2353,Ħaż-Żebbuġ,138
2354,Wasit,99
2355,Cimișlia,131
2356,Qazax,15
2357,Fier,3
2358,Saint Anne Sandy Point,181
2359,Qusar,15
2360,Nouakchott,143
2361,Tozeur,208
2362,Kebili,208
2363,Abşeron,15
2364,Nisporeni,131
2365,Suðuroy,247
2366,Centre-Ouest,34
2367,Najran,114
2368,Sa Kaeo,201
2369,Kamphaeng Phet,201
2370,Puerto Plata,60
2371,La Altagracia,60
2372,Tissemsilt,4
2373,Souk Ahras,4
2374,Wele-Nzas,81
2375,Western Bahr el Ghazal,189
2376,Bolu,209
2377,Ocnița,131
2378,Karaman,209
2379,Siliana,208
2380,Tumbes,159
2381,Majuro,135
2382,Şırnak,209
2383,Afar,68
2384,Mila,4
2385,Stann Creek,25
2386,Ruvuma,198
2387,Est,174
2388,Centro Sur,81
2389,Khan Yunis,161
2390,Nablus,161
2391,Ngounié,75
2392,Manihiki,46
2393,Đà Nẵng,221
2394,Western Highlands,163
2395,Phuket,201
2396,Yasothon,201
2397,Funafuti,210
2398,Sóc Trăng,221
2399,Collines,21
2400,Lubombo,196
2401,Chalatenango,65
2402,Vaisigano,176
2403,Sharjah,211
2404,Dosso,151
2405,Tahoua,151
2406,Qina,62
2407,Shamal Sina,62
2408,Lautém,204
2409,Osmaniye,209
2410,La Guajira,47
2411,Omusati,145
2412,Balqa,106
2413,Saint Thomas,105
2414,Rodrigues,142
2415,Sangre Grande,207
2416,Puno,159
2417,Penama,219
2418,Veles,136
2419,Diana,126
2420,Kerkyra,
2421,Carazo,147
2422,Atlántico Sur,147
2423,As-Suwayda,197
2424,Cebu,160
2425,British Virgin Islands,104
2426,Dar-es-Salaam,198
2427,Nahr An-Nil,191
2428,Unity,189
2429,Bouira,4
2430,Nunavut,37
2431,Ērgļu novads,117
2432,Rožaje,139
2433,Alto Paraguay,158
2434,Ongo Niua,200
2435,Ķekavas novads,117
2436,Kandahar,1
2437,Dibër,3
2438,Formosa,9
2439,Atakora,21
2440,Trashiyangtse,23
2441,Paro,23
2442,Sucumbíos,61
2443,Loja,61
2444,Pastaza,61
2445,Tailevu,70
2446,Pohnpei,74
2447,Orissa,95
2448,Embu,109
2449,Gjilan,113
2450,Pahang,129
2451,Kwajalein,135
2452,Mili,135
2453,Ħal Tarxien,138
2454,Chin,144
2455,Mozirje,183
2456,Gash-Barka,64
2457,Lamphun,201
2458,Udon Thani,201
2459,Ratchaburi,201
2460,Ranong,201
2461,Chumphon,201
2462,Surxondaryo,218
2463,Bắc Giang,221
2464,Masvingo,230
2465,Mashonaland Central,230
2466,Khenchela,4
2467,Şərur,15
2468,Balakən,15
2469,North Abaco,16
2470,Mwaro,19
2471,Rutana,19
2472,Potosí,28
2473,Kgatleng,29
2474,Roraima,30
2475,Tibet,42
2476,Nord-Kivu,45
2477,Lower Juba,186
2478,Århus,
2479,El Oro,61
2480,Cuscatlán,65
2481,Naitasiri,70
2482,Ra,70
2483,North Bank,76
2484,Jambi,94
2485,Ilam,97
2486,Al-Anbar,99
2487,Al-Qadisiyyah,99
2488,Matera,103
2489,Naryn,110
2490,Taita-Taveta,109
2491,Ferizaj,113
2492,Mafeteng,122
2493,Leribe,122
2494,Atsinanana,126
2495,Perlis,129
2496,Kayes,137
2497,Imsida,138
2498,Jinotega,147
2499,Katsina,150
2500,Alto Paraná,158
2501,Davao del Norte,160
2502,Sennar,191
2503,Gorenja vas-Poljane,183
2504,Ribnica,183
2505,Wayamba,188
2506,Central Equatoria,189
2507,Pathum Thani,201
2508,Nakhon Sawan,201
2509,Manouba,208
2510,Awdal,186
2511,Bình Thuận,221
2512,Qeqertalik,234
2513,Kilifi,109
2514,Žabljak,139
2515,Luče,183
2516,Ljubno,183
2517,Béchar,4
2518,Gambela,68
2519,Şəki,15
2520,Füzuli,15
2521,Pursat,36
2522,Ñuble,41
2523,Yamoussoukro,43
2524,Denguélé,43
2525,Kasaï oriental,45
2526,Prijedor,24
2527,Peravia,60
2528,Hermanas Mirabal,60
2529,Monseñor Nouel,60
2530,Ganub Sina,62
2531,Tabuk,114
2532,Wasat Darfur,191
2533,Namosi,70
2534,Australes,231
2535,Debubawi Kayih Bahri,64
2536,Retalhuleu,86
2537,Nord-Est,90
2538,Banten,94
2539,Bushehr,97
2540,Khorasan Shomali,97
2541,Qom,97
2542,Montagnes,43
2543,Caprivi,145
2544,Kavango,145
2545,Panamá Oeste,157
2546,Ucayali,159
2547,Davao del Sur,160
2548,Ramallah and Al-Bireh,161
2549,Komenda,183
2550,Kalasin,201
2551,Iğdır,209
2552,Ağstafa,15
2553,Sihanoukville,36
2554,Vĩnh Long,221
