ID,NOMBRE,ID_DISCIPLINA
1,"Singles, Men (Olympic)",1
2,"Doubles, Men (Olympic)",2
3,"Doubles, Mixed (Olympic)",2
4,"Singles, Men (Olympic)",3
5,"Doubles, Men (Olympic)",4
6,"Singles, Handicap, Men (Olympic (non-medal))",5
7,"Doubles, Handicap, Men (Olympic (non-medal))",6
8,"Épée, Individual, Men (Olympic)",7
9,Tennis,8
10,"Doubles, Men (Olympic)",9
11,"Doubles, Handicap, Mixed (Olympic (non-medal))",10
12,"Singles, Handicap, Men (Olympic (non-medal))",11
13,"Doubles, Handicap, Men (Olympic (non-medal))",10
14,"Singles, Men (Intercalated)",1
15,"Doubles, Mixed (Intercalated)",2
16,"Doubles, Men (Intercalated)",2
17,"Doubles, Covered Courts, Mixed (Olympic)",12
18,"Singles, Covered Courts, Men (Olympic)",13
19,"Singles, Men (Olympic (non-medal))",1
20,"Doubles, Handicap, Mixed (Olympic (non-medal))",6
21,"Doubles, Covered Courts, Men (Olympic)",12
22,Polo,14
23,"Polo, Men (Olympic (non-medal))",14
24,"Singles, Men (Olympic)",15
25,"Singles, Covered Courts, Women (Olympic)",13
26,"Singles, Women (Olympic)",1
27,"Doubles, Women (Olympic)",2
28,"Doubles, Women (Olympic)",16
29,"Doubles, Mixed (Olympic)",16
30,"Singles, Handicap, Women (Olympic (non-medal))",5
31,"Singles, Women (Olympic)",3
32,"Doubles, Women (Olympic)",4
33,"Singles, Women (Olympic)",15
34,"Doubles, Men (Olympic)",16
35,"Singles, Men (Olympic (non-medal))",15
36,"Singles, Women (Olympic (non-medal))",1
37,"Team, Women (Olympic)",17
38,"Doubles, Men (Olympic (non-medal))",2
39,"Hockey, Men (Olympic)",18
40,Tennis,19
41,"Singles, Men (Olympic)",20
42,"Doubles, Men (Olympic)",21
43,"100 metres, Men (Olympic)",22
44,"400 metres, Men (Olympic)",23
45,"800 metres, Men (Olympic)",24
46,"110 metres Hurdles, Men (Olympic)",25
47,"High Jump, Men (Olympic)",26
48,"Pole Vault, Men (Olympic)",27
49,"Long Jump, Men (Olympic)",28
50,"Triple Jump, Men (Olympic)",29
51,Tennis,30
52,"Singles, Men (Olympic)",31
53,"Doubles, Men (Olympic)",32
54,"Team, Men (Olympic)",17
55,Swimming (Aquatics),33
56,"100 metres Freestyle, Men (Olympic)",34
57,"500 metres Freestyle, Men (Olympic)",35
58,"1,200 metres Freestyle, Men (Olympic)",36
59,"Architecture, Open (Olympic)",37
60,Weightlifting,38
61,"Unlimited, Two Hands, Men (Olympic)",39
62,Wrestling,40
63,"Unlimited Class, Greco-Roman, Men (Olympic)",41
64,Athletics,42
65,"Pole Vault, Men (Olympic)",43
66,"Long Jump, Men (Olympic)",44
67,"Shot Put, Men (Olympic)",45
68,"Individual, Men (Olympic)",46
69,"Team, Men (Olympic)",47
70,"Individual, Men (Olympic)",48
71,"Individual, Women (Olympic)",48
72,"Team, Women (Olympic)",49
73,"Team, Men (Olympic)",49
74,"Target Archery, 28 metres, Team, Men (Olympic)",50
75,"Target Archery, 33 metres, Team, Men (Olympic)",51
76,"Target Archery, 50 metres, Team, Men (Olympic)",52
77,"Pole Archery, Small Birds, Individual, Men (Olympic)",53
78,"Pole Archery, Large Birds, Individual, Men (Olympic)",54
79,"Pole Archery, Small Birds, Team, Men (Olympic)",55
80,"Pole Archery, Large Birds, Team, Men (Olympic)",56
81,"Sur La Perche À La Herse, Men (Olympic)",57
82,"Au Chapelet, 33 metres, Men (Olympic)",58
83,"Au Chapelet, 50 metres, Men (Olympic)",59
84,"Au Cordon Doré, 33 metres, Men (Olympic)",60
85,"Au Cordon Doré, 50 metres, Men (Olympic)",61
86,"Championnat Du Monde, Men (Olympic)",62
87,"Target Archery, 28 metres, Individual, Men (Olympic)",63
88,"Target Archery, 33 metres, Individual, Men (Olympic)",64
89,"Target Archery, 50 metres, Individual, Men (Olympic)",65
90,"Continental Style, Men (Olympic)",66
91,"Double York Round, Men (Olympic)",67
92,"Sur La Perche À La Pyramide, Men (Olympic)",68
93,"French Championship, Individual, Men (Olympic (non-medal))",69
94,"Double National Round, Women (Olympic)",70
95,"1,500 metres, Men (Olympic)",71
96,"Marathon, Men (Olympic)",72
97,"Doubles, Women (Olympic (non-medal))",16
98,"Doubles, Men (Olympic (non-medal))",16
99,"Singles, Women (Olympic (non-medal))",15
100,"Doubles, Mixed (Olympic (non-medal))",16
101,"Welterweight, Men (Olympic)",73
102,"Light-Heavyweight, Men (Olympic)",74
103,"Featherweight, Men (Olympic)",75
104,"Light-Welterweight, Men (Olympic)",76
105,"Flyweight, Men (Olympic)",77
106,"Lightweight, Men (Olympic)",78
107,"Heavyweight, Men (Olympic)",79
108,"Bantamweight, Men (Olympic)",80
109,"Light-Flyweight, Men (Olympic)",81
110,"Middleweight, Men (Olympic)",82
111,"Light-Middleweight, Men (Olympic)",83
112,"Super-Heavyweight, Men (Olympic)",84
113,"Softball, Women (Olympic)",85
114,"Baseball, Men (Olympic)",86
115,"Baseball, Men (Olympic (non-medal))",86
116,"Team, Mixed (Olympic)",49
117,"Double Columbia Round, Women (Olympic)",87
118,"Team Round, Women (Olympic)",88
119,"Flight Shooting, Women (Olympic (non-medal))",89
120,"Double American Round, Men (Olympic)",90
121,"Team Round, Men (Olympic)",88
122,"Flight Shooting, Men (Olympic (non-medal))",89
123,"8 metres, Open (Olympic)",91
124,Tennis,92
125,"Singles, Men (Olympic)",93
126,"Doubles, Mixed (Olympic)",94
127,"Doubles, Men (Olympic)",94
128,"Singles, Covered Courts, Men (Olympic)",95
129,"Doubles, Covered Courts, Men (Olympic)",96
130,"Painting, Unknown Event, Open (Olympic)",97
131,"Individual, Men (Olympic)",98
132,"Individual, Men (Olympic (non-medal))",98
133,Tennis,99
134,"Doubles, Men (Olympic)",100
135,"Team, Men (Olympic)",101
136,"Team, Men (Olympic (non-medal))",101
137,"Singles, Men (Olympic)",102
138,"Singles, Men (Olympic (non-medal))",102
139,"Doubles, Men (Olympic (non-medal))",100
140,"Individual, Handicap, Men (Olympic (non-medal))",103
141,"Doubles, Mixed (Olympic)",100
142,"Doubles, Handicap, Mixed (Olympic (non-medal))",104
143,"Doubles, Handicap, Men (Olympic (non-medal))",104
144,"Singles, Handicap, Men (Olympic (non-medal))",105
145,"Singles, Men (Olympic)",106
146,"Long Jump, Men (Olympic (non-medal))",44
147,"Long Jump, Handicap, Men (Olympic (non-medal))",107
148,Golf,108
149,"Individual, Men (Olympic)",109
150,"Basketball, Men (Olympic)",110
151,"Road Race, Individual, Men (Olympic)",111
152,"Basketball, Women (Olympic)",110
153,"Triple Jump, Women (Olympic)",29
154,"Handball, Women (Olympic)",112
155,"Australian Rules Football, Men (Olympic (non-medal))",113
156,"One Person Dinghy, Open (Olympic)",114
157,"Decathlon, Men (Olympic)",115
158,"Four, Men (Olympic)",116
159,Football (Football),117
160,"Football, Men (Olympic)",118
161,Athletics,119
162,"100 yards, Men (Olympic (non-medal))",120
163,"440 yards, Men (Olympic (non-medal))",121
164,"100 yards, Handicap, Men (Olympic (non-medal))",122
165,"220 yards, Handicap, Men (Olympic (non-medal))",123
166,"440 yards, Handicap, Men (Olympic (non-medal))",124
167,"Kayak Doubles, 500 metres, Women (Olympic)",125
168,"Kayak Singles, 500 metres, Women (Olympic)",126
169,"Kayak Doubles, 500 metres, Men (Olympic)",125
170,"Kayak Fours, 1,000 metres, Men (Olympic)",127
171,"Kayak Singles, 500 metres, Men (Olympic)",126
172,"Kayak Doubles, 1,000 metres, Men (Olympic)",128
173,"Kayak Singles, 1,000 metres, Men (Olympic)",129
174,"Kayak Singles, Slalom, Men (Olympic)",130
175,"Kayak Fours, 500 metres, Women (Olympic)",131
176,"Kayak Singles, Slalom, Women (Olympic)",130
177,"Kayak Singles, 10,000 metres, Men (Olympic)",132
178,"Canadian Singles, Slalom, Men (Olympic)",133
179,Canoe Marathon (Canoeing),134
180,"Kayak Doubles, 10,000 metres, Men (Olympic)",135
181,"Kayak Relay, 4 × 500 metres, Men (Olympic)",136
182,"Canadian Doubles, Slalom, Men (Olympic)",137
183,"Canadian Singles, 1,000 metres, Men (Olympic)",138
184,"Canadian Singles, 10,000 metres, Men (Olympic)",139
185,"Canadian Doubles, 1,000 metres, Men (Olympic)",140
186,"Canadian Doubles, 10,000 metres, Men (Olympic)",141
187,"Folding Kayak Doubles, 10,000 metres, Men (Olympic)",142
188,"Folding Kayak Singles, 10,000 metres, Men (Olympic)",143
189,"Kayak Doubles, 10,000 metres, Men (Olympic)",144
190,"Kayak Singles, 10,000 metres, Men (Olympic)",145
191,"Folding Kayak Singles, 10,000 metres, Men (Olympic)",146
192,"Folding Kayak Doubles, 10,000 metres, Men (Olympic)",147
193,"Canadian Singles, 500 metres, Men (Olympic)",148
194,"Canadian Doubles, 500 metres, Men (Olympic)",149
195,"Small-Bore Rifle, Prone, 50 metres, Open (Olympic)",150
196,"Canadian Doubles, 10,000 metres, Men (Olympic)",151
197,"Canadian Singles, 10,000 metres, Men (Olympic)",152
198,"Single Sculls, Women (Olympic)",153
199,"Team Pursuit, 4,000 metres, Men (Olympic)",154
200,"Road Race, Team, Men (Olympic)",155
201,"100 kilometres Team Time Trial, Men (Olympic)",156
202,"Polo, Men (Olympic)",157
203,"Rugby, Men (Olympic)",158
204,"Eights, Men (Olympic)",159
205,"Individual, Open (Olympic)",160
206,"Team, Open (Olympic)",161
207,"Team, Open (Olympic)",162
208,"Individual, Open (Olympic)",163
209,"Individual, Open (Olympic)",164
210,"Team, Open (Olympic)",165
211,"Tug-Of-War, Men (Olympic)",166
212,"Lacrosse, Men (Olympic)",167
213,"Hacks and Hunter Combined, Open (Olympic)",168
214,"Springboard, Women (Olympic)",169
215,"Individual, Men (Olympic)",170
216,"Team, Men (Olympic)",171
217,"Individual, Men (Olympic)",172
218,"Team, Men (Olympic)",173
219,"Individual, Men (Olympic)",174
220,"Team, Men (Olympic)",175
221,Equestrian Eventing (Equestrian),176
222,"Winter Pentathlon, Men (Olympic (non-medal))",177
223,Equestrian Eventing (Equestrian),178
224,"Individual, Men (Olympic)",179
225,"Team, Men (Olympic)",180
226,"Four-In-Hand Competition, Open (Olympic)",181
227,Equestrian Dressage (Equestrian),182
228,"Sabre, Team, Men (Olympic)",183
229,Equestrian Eventing (Equestrian),184
230,"Individual, Men (Olympic)",185
231,"Team, Men (Olympic)",186
232,"Long Jump, Open (Olympic)",187
233,"Hacks and Hunter Combined, Open (Olympic)",188
234,"High Jump, Open (Olympic)",189
235,Equestrian Eventing (Equestrian),190
236,Equestrian Driving (Equestrian),191
237,"Four-In-Hand Competition, Open (Olympic)",192
238,Equestrian Driving (Equestrian),193
239,"Four-In-Hand Competition, Open (Olympic)",194
240,"Four/Five, Men (Olympic)",195
241,"Sabre, Individual, Men (Olympic)",196
242,"20 kilometres, Men (Olympic)",197
243,"Individual Pursuit, 4,000 metres, Men (Olympic)",198
244,"Sprint, Men (Olympic)",199
245,Cycling Track (Cycling),200
246,"Sprint, Men (Olympic)",201
247,"1,000 metres Time Trial, Men (Olympic)",202
248,"Points Race, Men (Olympic)",203
249,"Road Race, Individual, Women (Olympic)",111
250,Cycling Mountain Bike (Cycling),204
251,"Cross-Country, Women (Olympic)",205
252,"Cross-Country, Women (Olympic)",206
253,"Individual Pursuit, Women (Olympic)",207
254,"Points Race, Women (Olympic)",208
255,"Individual Time Trial, Women (Olympic)",209
256,"Individual Pursuit, Women (Olympic)",210
257,"Points Race, Women (Olympic)",203
258,"Team Pursuit, Women (Olympic)",211
259,"Sprint, Women (Olympic)",199
260,"500 metres Time Trial, Women (Olympic)",212
261,"Two, Women (Olympic)",213
262,"3,000 metres, Women (Olympic)",214
263,"3,000 metres, Women (Olympic)",215
264,"5,000 metres, Women (Olympic)",216
265,"Team Pursuit (6 laps), Women (Olympic)",217
266,"Keirin, Women (Olympic)",218
267,"Team Sprint, Women (Olympic)",219
268,"Sprint, Women (Olympic)",201
269,"Individual Pursuit, 4,000 metres, Men (Olympic)",220
270,"1,000 metres Time Trial, Men (Olympic)",221
271,"Points Race, Men (Olympic)",208
272,"Madison, Men (Olympic)",222
273,"50 kilometres, Men (Olympic)",223
274,"Team Pursuit, 4,000 metres, Men (Olympic)",224
275,"Tandem Sprint, 2,000 metres, Men (Olympic)",225
276,"Team Pursuit, 1,980 yards, Men (Olympic)",226
277,"5,000 metres, Men (Olympic)",227
278,"100 kilometres, Men (Olympic)",228
279,"Individual Time Trial, Men (Olympic)",209
280,"¼ mile, Men (Olympic)",229
281,"½ mile, Men (Olympic)",230
282,"5 miles, Men (Olympic)",231
283,"25 miles, Men (Olympic)",232
284,"½ mile, Handicap, Men (Olympic (non-medal))",233
285,"Cross-Country, Men (Olympic)",206
286,"333⅓ metres Time Trial, Men (Olympic)",234
287,"100 kilometres, Men (Olympic)",235
288,"Team Sprint, Men (Olympic)",219
289,"⅓ mile, Men (Olympic)",236
290,"1 mile, Men (Olympic)",237
291,"2 miles, Men (Olympic)",238
292,"1 mile, Novice, Men (Olympic (non-medal))",239
293,"Tandem Sprint, 2,000 metres, Men (Olympic)",240
294,"Sprint, Men (Intercalated)",199
295,"333⅓ metres Time Trial, Men (Intercalated)",241
296,"5,000 metres, Men (Intercalated)",227
297,"20 kilometres, Men (Intercalated)",197
298,"50 kilometres, Men (Olympic)",242
299,"Keirin, Men (Olympic)",218
300,"Madison, Men (Olympic)",243
301,"Omnium, Men (Olympic)",244
302,"25 kilometres, Men (Olympic)",245
303,"Football, Men (Olympic)",246
304,Cycling Track (Cycling),247
305,"Sprint, Men (Olympic)",248
306,"Single Sculls, Men (Intercalated)",153
307,"Coxed Pairs (1 kilometre), Men (Intercalated)",249
308,"Coxed Pairs (1 mile), Men (Intercalated)",250
309,"Coxed Fours, Men (Intercalated)",251
310,Cycling Track (Cycling),252
311,"Sprint, Men (Intercalated)",253
312,"5,000 metres, Men (Intercalated)",254
313,"10,000 metres, Men (Olympic)",255
314,"Cross-Country, Men (Olympic)",205
315,"1 mile, Handicap, Men (Olympic (non-medal))",256
316,"5 miles, Handicap, Men (Olympic (non-medal))",257
317,"Road Race, Individual, Men (Intercalated)",111
318,"Sprint, Men (Intercalated)",201
319,"333⅓ metres Time Trial, Men (Intercalated)",234
320,"Tandem Sprint, 2,000 metres, Men (Intercalated)",240
321,"5,000 metres, Men (Intercalated)",258
322,"12-Hours Race, Men (Olympic)",259
323,"20 kilometres, Men (Intercalated)",260
324,"12-Hours Race, Men (Olympic)",261
325,"Tandem Sprint, 2,000 metres, Men (Intercalated)",225
326,"Bicycle Polo, Men (Olympic (non-medal))",262
327,Athletics,263
328,"4 × 100 metres Relay, Men (Olympic)",264
329,"18 kilometres, Men (Olympic)",265
330,"50 kilometres, Men (Olympic)",266
331,Cycling Road (Cycling),267
332,"Road Race, Individual, Men (Olympic)",268
333,Cycling Track (Cycling),269
334,"333⅓ metres Time Trial, Men (Olympic)",270
335,"10,000 metres, Men (Olympic)",271
336,"100 kilometres, Men (Olympic)",272
337,"12-Hours Race, Men (Olympic)",273
338,"Hockey, Women (Olympic)",18
339,"400 metres, Women (Olympic)",23
340,"4 × 400 metres Relay, Women (Olympic)",274
341,"Singles, Men (Olympic)",275
342,"Two, Men (Olympic)",213
343,"Polo, Men (Olympic (non-medal))",157
344,"Cricket, Men (Olympic)",276
345,"Singles, One Ball, Open (Olympic)",277
346,"Doubles, Open (Olympic)",278
347,"Singles, Two Balls, Open (Olympic)",279
348,"Singles, Two Balls, Handicap, Men (Olympic (non-medal))",280
349,"Individual, Women (Olympic)",98
350,"A-Class (Open), Open (Olympic)",281
351,Tug-Of-War,282
352,"Tug-Of-War, Men (Olympic)",282
353,Athletics,283
354,"200 metres Hurdles, Men (Olympic)",284
355,"Discus Throw, Men (Olympic)",285
356,Athletics,286
357,"Shot Put, Handicap, Men (Olympic (non-medal))",287
358,"Foil, Individual, Men (Olympic)",288
359,"B-Class (Under 60 feet), Open (Olympic)",289
360,"C-Class, Open (Olympic)",290
361,"Doubles, Men (Olympic)",291
362,Racquets,292
363,"Doubles, Men (Olympic)",293
364,Wrestling,294
365,"Heavyweight, Greco-Roman, Men (Olympic)",295
366,"Heavyweight, Freestyle, Men (Olympic)",296
367,Tug-Of-War,297
368,"Tug-Of-War, Men (Olympic)",297
369,"100 metres, Men (Olympic)",298
370,"400 metres, Men (Olympic)",299
371,Weightlifting,300
372,"Unlimited, Two Hands, Men (Olympic)",301
373,"Marathon, Men (Intercalated)",72
374,"Shot Put, Men (Intercalated)",302
375,"Discus Throw, Men (Intercalated)",303
376,"Discus Throw, Greek Style, Men (Intercalated)",304
377,"Pentathlon (Ancient), Men (Intercalated)",305
378,Weightlifting,306
379,"Unlimited, Two Hands, Men (Intercalated)",307
380,"Driving Contest, Men (Olympic (non-medal))",308
381,"Putting Contest, Men (Olympic (non-medal))",309
382,"56-pound Weight Throw, Men (Olympic)",310
383,"Shot Put, Men (Olympic)",302
384,"Shot Put, Handicap, Men (Olympic (non-medal))",311
385,Tug-Of-War,312
386,"Tug-Of-War, Men (Olympic)",312
387,"Lightweight, Freestyle, Men (Olympic)",313
388,"High Jump, Men (Olympic (non-medal))",26
389,"High Jump, Handicap, Men (Olympic (non-medal))",314
390,"All-Around Dumbbell Contest, Men (Olympic)",315
391,"56-pound Weight Throw, Men (Olympic)",316
392,"56-pound Weight Throw, Men (Olympic (non-medal))",316
393,"Discus Throw, Men (Olympic)",303
394,"Discus Throw, Men (Olympic (non-medal))",303
395,"Hammer Throw, Men (Olympic)",317
396,"Discus Throw, Handicap, Men (Olympic (non-medal))",318
397,"Hammer Throw, Handicap, Men (Olympic (non-medal))",319
398,"Javelin Throw, Men (Olympic)",320
399,"Javelin Throw, Both Hands, Men (Olympic)",321
400,"4 × 100 metres Relay, Men (Olympic)",322
401,Hockey,323
402,"Hockey, Men (Olympic)",323
403,Athletics,324
404,"3,000 metres Steeplechase, Men (Olympic)",325
405,"Lacrosse, Men (Olympic (non-medal))",167
406,"Foil, Individual, Women (Olympic)",288
407,"Foil, Team, Women (Olympic)",326
408,"Épée, Individual, Women (Olympic)",7
409,"Épée, Team, Women (Olympic)",327
410,"Foil, Team, Men (Olympic)",326
411,"Épée, Team, Men (Olympic)",327
412,"100 metres Freestyle, Men (Olympic)",328
413,"500 metres Freestyle, Men (Olympic)",329
414,"Sabre, Individual, Three Hits, Men (Olympic)",330
415,"Sabre, Masters, Individual, Men (Olympic)",331
416,Modern Pentathlon,332
417,"Foil, Individual, Open (Olympic (non-medal))",333
418,"400 metres Freestyle, Men (Olympic)",334
419,Water Polo (Aquatics),335
420,"Water Polo, Men (Olympic)",336
421,Water Polo (Aquatics),337
422,"Water Polo, Men (Olympic)",338
423,Hockey,339
424,"Hockey, Men (Olympic)",339
425,"Ice Hockey, Men (Olympic)",340
426,"Foil, Masters, Individual, Men (Olympic)",341
427,"Épée, Masters, Individual, Men (Olympic)",342
428,"Épée, Masters and Amateurs, Individual, Men (Olympic)",343
429,"25 kilometres, Men (Olympic)",344
430,"Literature, Open (Olympic)",345
431,"Free Pistol, 50 yards, Men (Olympic)",346
432,"Small-Bore Rifle, 50 and 100 yards, Team, Men (Olympic)",347
433,Athletics,348
434,"100 metres, Professionals, Men (Olympic (non-medal))",349
435,"400 metres, Professionals, Men (Olympic (non-medal))",350
436,"110 metres Hurdles, Professionals, Men (Olympic (non-medal))",351
437,"High Jump, Professionals, Men (Olympic (non-medal))",352
438,"Long Jump, Professionals, Men (Olympic (non-medal))",353
439,"Shot Put, Professionals, Men (Olympic (non-medal))",354
440,"100 metres, Professionals, Handicap, Men (Olympic (non-medal))",355
441,"400 metres, Professionals, Handicap, Men (Olympic (non-medal))",356
442,"High Jump, Professionals, Handicap, Men (Olympic (non-medal))",357
443,"Long Jump, Professionals, Handicap, Men (Olympic (non-medal))",358
444,"Shot Put, Professionals, Handicap, Men (Olympic (non-medal))",359
445,Rowing,360
446,"Eights, Men (Olympic)",361
447,"Painting, Paintings, Open (Olympic)",362
448,Shooting,363
449,"Dueling Pistol Au Commandement, 25 metres, Men (Intercalated)",364
450,"Dueling Pistol, 30 metres, Team, Men (Olympic)",365
451,Swimming (Aquatics),366
452,"100 metres Freestyle, Men (Olympic)",367
453,"Football, Men (Intercalated)",246
454,Fencing,368
455,"Trap, Team, Men (Olympic)",369
456,"Three Person Keelboat, Open (Olympic)",370
457,Fencing,371
458,"Épée, Team, Men (Olympic)",372
459,"Painting, Drawings And Water Colors, Open (Olympic)",373
460,"Painting, Graphic Arts, Open (Olympic)",374
461,"Painting, Applied Arts, Open (Olympic)",375
462,Art Competitions,376
463,"Painting, Graphic Arts, Open (Olympic)",377
464,"Sabre, Individual, Men (Olympic)",378
465,"Foil, Individual, Boys (Olympic (non-medal))",379
466,"Single Sticks, Individual, Men (Olympic)",380
467,"200 metres, Men (Olympic)",381
468,"Football, Women (Olympic)",246
469,"Platform, Women (Olympic)",382
470,"Synchronized Platform, Women (Olympic)",383
471,"Platform, Men (Olympic)",382
472,"Synchronized Platform, Men (Olympic)",383
473,Athletics,384
474,"110 metres Hurdles, Men (Olympic)",385
475,"Bandy, Men (Olympic (non-medal))",386
476,"4 × 400 metres Relay, Men (Olympic)",274
477,"120 yards Hurdles, Men (Olympic (non-medal))",387
478,"440 yards, Boys (Olympic (non-medal))",388
479,"Individual All-Around, Women (Olympic)",389
480,"Floor Exercise, Women (Olympic)",390
481,"Horse Vault, Women (Olympic)",391
482,"Uneven Bars, Women (Olympic)",392
483,"Balance Beam, Women (Olympic)",393
484,"Team All-Around, Women (Olympic)",394
485,"Individual, Women (Olympic)",395
486,"Team Portable Apparatus, Women (Olympic)",396
487,"Group, Women (Olympic)",397
488,"Individual All-Around, Men (Olympic)",389
489,"Team All-Around, Men (Olympic)",394
490,"Floor Exercise, Men (Olympic)",390
491,"Horse Vault, Men (Olympic)",391
492,"Parallel Bars, Men (Olympic)",398
493,"Horizontal Bar, Men (Olympic)",399
494,"Rings, Men (Olympic)",400
495,"Pommelled Horse, Men (Olympic)",401
496,"Pole Vault, Women (Olympic)",27
497,"Individual All-Around, Field Sports, Men (Olympic)",402
498,"Individual All-Around, Apparatus Work, Men (Olympic)",403
499,"Team All-Around, Swedish System, Men (Olympic)",404
500,"Featherweight, Men (Olympic)",405
501,"Team All-Around, Free System, Men (Olympic)",406
502,"Team All-Around, Men (Intercalated)",394
503,"Rope Climbing, Men (Olympic)",407
504,"Side Horse, Men (Olympic)",408
505,"6 metres, Open (Olympic)",409
506,Artistic Gymnastics (Gymnastics),410
507,"Team All-Around, Free System, Men (Olympic)",411
508,"Architecture, Open (Olympic (non-medal))",412
509,"Free Rifle, Three Positions, 300 metres, Men (Olympic)",413
510,"Free Rifle, Three Positions, 300 metres, Team, Men (Olympic)",414
511,"Military Rifle, Prone, 300 metres, Team, Men (Olympic)",415
512,"Military Rifle, Prone, 600 metres, Men (Olympic)",416
513,"Military Rifle, Prone, 600 metres, Team, Men (Olympic)",417
514,"Military Rifle, Standing, 300 metres, Men (Olympic)",418
515,"Military Rifle, Standing, 300 metres, Team, Men (Olympic)",419
516,"Military Rifle, Prone, 300 and 600 metres, Team, Men (Olympic)",420
517,"Running Target, Single Shot, Team, Men (Olympic)",421
518,"Running Target, Double Shot, Team, Men (Olympic)",422
519,"Running Target, Single Shot, Men (Olympic)",423
520,"Running Target, Double Shot, Men (Olympic)",424
521,"26th Federal Festival, Society and Association Contests, Non-Simultaneous, National Championships, Men (Olympic (non-medal))",425
522,"Individual All-Around, Men (Intercalated)",389
523,"Individual All-Around, 5 Events, Men (Intercalated)",426
524,"Festival for Societies of the Seine, Artistic, Individual, Men (Olympic (non-medal))",427
525,"Festival for Societies of the Seine, Individual (#2), Men (Olympic (non-medal))",428
526,"Festival for Societies of the Seine, Advanced, Men (Olympic (non-medal))",429
527,"Lightweight, Greco-Roman, Men (Olympic)",430
528,"100 metres, Men (Intercalated)",22
529,"High Jump, Men (Intercalated)",26
530,"Long Jump, Men (Intercalated)",28
531,"Parallel Bars, Teams, Men (Olympic)",431
532,"Horizontal Bar, Teams, Men (Olympic)",432
533,Athletics,433
534,"High Jump, Men (Olympic)",434
535,"Shot Put, Men (Olympic)",435
536,"100 metres, Men (Olympic)",436
537,"Pole Vault, Men (Olympic)",437
538,"Long Jump, Men (Olympic)",438
539,"Triple Jump, Men (Olympic)",439
540,Artistic Gymnastics (Gymnastics),440
541,"Rope Climbing, Men (Olympic)",441
542,"110 metres Hurdles, Men (Intercalated)",25
543,"Pole Vault, Men (Intercalated)",27
544,"Standing Long Jump, Men (Intercalated)",442
545,"Individual All-Around, Men (Intercalated)",443
546,"Individual All-Around, 5 Events, Men (Intercalated)",444
547,"Team All-Around, Men (Intercalated)",445
548,"Tug-Of-War, Men (Intercalated)",312
549,Cycling Road (Cycling),446
550,"Road Race, Individual, Men (Olympic)",447
551,Shooting,448
552,"Military Pistol, 25 metres, Men (Olympic)",449
553,"Military Rifle, 200 metres, Men (Olympic)",450
554,"Tumbling, Men (Olympic)",451
555,"Rope Climbing, Men (Intercalated)",407
556,"Decathlon, Men (Olympic)",452
557,"Club Swinging, Men (Olympic)",453
558,"Plain High, Men (Olympic)",454
559,Artistic Gymnastics (Gymnastics),455
560,"Team All-Around, Free System, Men (Olympic)",456
561,"Standing Long Jump, Men (Olympic)",442
562,"Standing Long Jump, Men (Olympic)",457
563,"Javelin Throw, Men (Olympic)",458
564,"Standing High Jump, Men (Intercalated)",459
565,"Triple Jump, Men (Intercalated)",29
566,"400 metres, Men (Olympic)",460
567,"Discus Throw, Men (Olympic)",461
568,"Tug-Of-War, Men (Intercalated)",166
569,"Javelin Throw, Freestyle, Men (Intercalated)",462
570,Fencing,463
571,"Sabre, Individual, Men (Olympic)",464
572,"110 metres Hurdles, Men (Olympic)",465
573,"Platform, Men (Intercalated)",382
574,Tug-Of-War,466
575,"Tug-Of-War, Men (Intercalated)",466
576,Artistic Gymnastics (Gymnastics),467
577,"Team All-Around, Men (Olympic)",468
578,"Individual All-Around, 4 Events, Men (Olympic)",469
579,"Individual All-Around, Men (Olympic (non-medal))",389
580,"Horse Vault, Men (Olympic (non-medal))",391
581,"Parallel Bars, Men (Olympic (non-medal))",398
582,"Side Horse, Men (Olympic (non-medal))",408
583,"Handball, Men (Olympic)",112
584,Handball,112
585,"Combined, Men (Olympic)",470
586,Cross Country Skiing (Skiing),471
587,"4 × 10 kilometres Relay, Men (Olympic)",472
588,"Half-Middleweight, Women (Olympic)",473
589,"Lightweight, Women (Olympic)",474
590,"Heavyweight, Women (Olympic)",475
591,"Half-Heavyweight, Women (Olympic (non-medal))",476
592,"Half-Heavyweight, Women (Olympic)",476
593,"Lightweight, Women (Olympic (non-medal))",474
594,"Extra-Lightweight, Women (Olympic)",477
595,"Middleweight, Women (Olympic)",478
596,"Half-Middleweight, Women (Olympic (non-medal))",473
597,"Half-Lightweight, Women (Olympic)",479
598,"Half-Lightweight, Women (Olympic (non-medal))",479
599,"Extra-Lightweight, Women (Olympic (non-medal))",477
600,"Middleweight, Women (Olympic (non-medal))",478
601,"Heavyweight, Freestyle, Women (Olympic)",480
602,"Heavyweight, Women (Olympic (non-medal))",475
603,"Lightweight, Men (Olympic)",474
604,"Half-Middleweight, Men (Olympic)",473
605,"Half-Lightweight, Men (Olympic)",479
606,"Open Class, Men (Olympic)",481
607,"Extra-Lightweight, Men (Olympic)",477
608,"Middleweight, Men (Olympic)",478
609,"Half-Heavyweight, Men (Olympic)",476
610,"Heavyweight, Men (Olympic)",475
611,"Welterweight, Greco-Roman, Men (Olympic)",482
612,"Welterweight, Freestyle, Men (Olympic)",483
613,Shooting,484
614,"Rapid-Fire Pistol, 25 metres, Men (Olympic)",485
615,"Military Ski Patrol, Men (Olympic)",486
616,"Sabre, Team, Men (Olympic)",487
617,"Individual, Men (Olympic)",488
618,"Épée, Individual, Men (Olympic)",489
619,Athletics,490
620,"Pole Vault, Men (Olympic)",491
621,Swimming (Aquatics),492
622,"200 metres Breaststroke, Men (Olympic)",493
623,"400 metres Breaststroke, Men (Olympic)",494
624,"Rapid-Fire Pistol, 25 metres, Men (Olympic)",495
625,Modern Pentathlon,496
626,"Double Sculls, Women (Olympic)",497
627,"Coxless Pairs, Women (Olympic)",498
628,"Lightweight Double Sculls, Women (Olympic)",499
629,"Coxed Fours, Men (Olympic)",251
630,"Coxless Pairs, Men (Olympic)",498
631,"Coxless Fours, Men (Olympic)",500
632,"Coxed Pairs, Men (Olympic)",501
633,"Quadruple Sculls, Men (Olympic)",502
634,"Single Sculls, Men (Olympic)",153
635,"Double Sculls, Men (Olympic)",497
636,"Lightweight Coxless Fours, Men (Olympic)",503
637,"Lightweight Double Sculls, Men (Olympic)",499
638,"Coxed Fours, Women (Olympic)",251
639,"Eights, Women (Olympic)",159
640,"Coxless Fours, Women (Olympic)",500
641,"Quadruple Sculls, Women (Olympic)",502
642,"Coxed Fours, Outriggers, Men (Olympic)",504
643,"Coxless Fours, Boys (Olympic (non-medal))",505
644,"Eights, Boys (Olympic (non-medal))",506
645,Rowing,507
646,"Eights, Men (Olympic)",508
647,"Coxless Pairs, Boys (Olympic (non-medal))",509
648,"Literature, Lyric Works, Open (Olympic)",510
649,"Water Polo, Men (Olympic)",511
650,Water Polo (Aquatics),512
651,"Water Polo, Men (Olympic)",513
652,"Coxed Quadruple Sculls, Women (Olympic)",514
653,"Coxed Fours, Inriggers, Men (Olympic)",515
654,"Savate, Men (Olympic (non-medal))",516
655,"Single Sculls, Association, Men (Olympic (non-medal))",517
656,"200 metres Breaststroke, Men (Olympic)",518
657,"Sculpturing, Medals And Reliefs, Open (Olympic)",519
658,"Sculpturing, Statues, Open (Olympic)",520
659,"Sculpturing, Unknown Event, Open (Olympic)",521
660,Art Competitions,522
661,"Painting, Graphic Arts, Open (Olympic)",523
662,"Coxless Fours, Intermediate, Men (Olympic (non-medal))",524
663,"Coxless Fours, Men (Olympic (non-medal))",500
664,"Coxless Pairs, Intermediate, Men (Olympic (non-medal))",525
665,"Two Person Keelboat, Open (Olympic)",526
666,"Double Sculls, Intermediate, Men (Olympic (non-medal))",527
667,"Eights, Intermediate, Men (Olympic (non-medal))",528
668,"Air Rifle, 10 metres, Women (Olympic)",529
669,"Trap, Open (Olympic)",530
670,"Trap, Men (Olympic)",531
671,"Double Trap, Men (Olympic)",532
672,"Air Pistol, 10 metres, Women (Olympic)",533
673,"Sporting Pistol, 25 metres, Women (Olympic)",534
674,"Free Pistol, 50 metres, Open (Olympic)",535
675,"Small-Bore Rifle, Three Positions, 50 metres, Women (Olympic)",536
676,"Free Pistol, 50 metres, Men (Olympic)",537
677,"Small-Bore Rifle, Prone, 50 metres, Men (Olympic)",538
678,"Small-Bore Rifle, Three Positions, 50 metres, Men (Olympic)",536
679,"Rapid-Fire Pistol, 25 metres, Open (Olympic)",539
680,"Small-Bore Rifle, Three Positions, 50 metres, Open (Olympic)",540
681,"Skeet, Men (Olympic)",541
682,"Running Target, 50 metres, Open (Olympic)",542
683,"Skeet, Open (Olympic)",543
684,"Air Rifle, 10 metres, Men (Olympic)",529
685,"Air Pistol, 10 metres, Men (Olympic)",533
686,"Double Trap, Women (Olympic)",532
687,"Trap, Women (Olympic)",531
688,"Running Target, Single and Double Shot, Men (Olympic)",544
689,"Small-Bore Rifle, Prone, 50 and 100 yards, Men (Olympic)",545
690,"Small-Bore Rifle, Disappearing Target, 25 yards, Men (Olympic)",546
691,"Small-Bore Rifle, Moving Target, 25 yards, Men (Olympic)",547
692,"Running Target, 50 metres, Men (Olympic)",548
693,"Running Target, 10 metres, Men (Olympic)",549
694,"100 metres Freestyle, Men (Intercalated)",328
695,"400 metres Freestyle, Men (Intercalated)",334
696,"1 mile Freestyle, Men (Intercalated)",550
697,"4 × 250 metres Freestyle Relay, Men (Intercalated)",551
698,"Free Pistol, 50 metres, Men (Olympic)",552
699,"Dueling Pistol, 30 metres, Men (Olympic)",553
700,"Military Rifle, Three Positions, 300 metres, Men (Olympic)",554
701,"Military Rifle, Any Position, 600 metres, Men (Olympic)",555
702,"Dueling Pistol, 30 metres, Men (Olympic)",556
703,"Free Pistol, 50 metres, Men (Intercalated)",537
704,"Military Revolver, 1873-1874 Gras Model, 20 metres, Men (Intercalated)",557
705,"Military Revolver, 20 metres, Men (Intercalated)",558
706,"Dueling Pistol Au Visé 20 metres, Men (Intercalated)",559
707,"Dueling Pistol Au Commandement, 25 metres, Men (Intercalated)",560
708,"Free Rifle, Any Position, 300 metres, Men (Intercalated)",561
709,"Military Rifle, 1873-1874 Gras Model, Kneeling Or Standing, 200 metres, Men (Intercalated)",562
710,"Military Rifle, Kneeling Or Standing, 300 metres, Men (Intercalated)",563
711,"Free Pistol, 50 metres, Team, Men (Olympic)",564
712,"Free Rifle, Prone, 600 metres, Men (Olympic)",565
713,"Free Rifle, 400, 600 and 800 metres, Team, Men (Olympic)",566
714,"Small-Bore Rifle, Standing, 50 metres, Men (Olympic)",567
715,"Smal-Bore Rifle, Standing, 50 metres, Team, Men (Olympic)",568
716,"Military Pistol, Team, Men (Olympic)",569
717,"Free Rifle, Kneeling, 300 metres, Men (Olympic)",570
718,"Free Rifle, Prone, 300 metres, Men (Olympic)",571
719,"Free Rifle, Standing, 300 metres, Men (Olympic)",572
720,"Free Pistol, 50 yards, Team, Men (Olympic)",573
721,"Military Pistol, 30 metres, Men (Olympic)",574
722,"Free Rifle, 1,000 yards, Men (Olympic)",575
723,"Military Rifle, 200/500/600/800/900/1,000 yards, Team, Men (Olympic)",576
724,"Skeet, Women (Olympic)",541
725,"Free Rifle, Three Positions, 300 metres, Open (Olympic)",577
726,"Military Rifle, Prone, 300 metres, Men (Olympic)",578
727,"Military Rifle, 200, 400, 500 and 600 metres, Team, Men (Olympic)",579
728,"Small-Bore Rifle, Prone, 50 metres, Team, Men (Olympic)",580
729,"Small-Bore Rifle, Any Position, 50 metres, Men (Olympic)",581
730,"Small-Bore Rifle, Disappearing Target, 25 metres, Men (Olympic)",582
731,Shooting,583
732,"Free Rifle, Any Position, 300 metres, Men (Olympic)",584
733,"Military Rifle, 200 metres, Men (Olympic)",585
734,"Unlimited, One Hand, Men (Olympic)",586
735,"Unlimited, Two Hands, Men (Olympic)",307
736,"Rapid-Fire Pistol, 25 metres, Men (Olympic)",587
737,"Military Ski Patrol, Men (Olympic (non-medal))",486
738,"Skeleton, Men (Olympic)",588
739,"Free Pistol, 25 metres, Men (Intercalated)",589
740,"Free Rifle, Three Positions, 300 metres, Team, Men (Intercalated)",414
741,"Trap, Single Shot, 16 metres, Men (Intercalated)",590
742,"Trap, Double Shot, 14 metres, Men (Intercalated)",591
743,"Dueling Pistol, 30 metres, Team, Men (Olympic)",592
744,"Trap, Men (Olympic)",593
745,"26th Federal Festival, Society and Association Contests, Non-Simultaneous, Shooting Championships, Honorary Members and Associates, Men (Olympic (non-medal))",594
746,"Free Pistol, 50 metres, Team, Men (Olympic)",595
747,"Dueling Pistol, 30 metres, Team, Men (Olympic)",596
748,"Military Pistol, 25 metres, Men (Olympic)",597
749,"Muzzle-Loading Pistol, 25 metres, Men (Olympic)",598
750,"Free Rifle, Any Position, 300 metres, Men (Olympic)",561
751,"Military Rifle, 200 metres, Men (Olympic)",599
752,"Small-Bore Rifle, Disappearing Target, 25 metres, Team, Men (Olympic)",600
753,"Free Pistol, 30 metres, Men (Olympic)",601
754,"17-Man Naval Rowing Boats, Men (Intercalated)",602
755,"Team, Women (Olympic)",603
756,"Architecture, Further Entries, Open (Olympic)",604
757,Fencing,605
758,"Sabre, Individual, Men (Olympic)",606
759,"Rapid-Fire Pistol, 25 metres, Men (Olympic)",607
760,"Small-Bore Rifle, Prone, 50 metres, Men (Olympic)",608
761,"Free Pistol, 50 yards, Men (Olympic)",609
762,"Free Pistol, 50 yards, Team, Men (Olympic)",610
763,"Small-Bore Rifle, 50 and 100 yards, Team, Men (Olympic)",611
764,"Small-Bore Rifle, Disappearing Target, 25 yards, Men (Olympic)",612
765,"Small-Bore Rifle, Moving Target, 25 yards, Men (Olympic)",613
766,"Free Pistol, 50 metres, Men (Olympic)",614
767,"Free Pistol, 50 metres, Team, Men (Olympic)",615
768,"Dueling Pistol, 30 metres, Men (Olympic)",616
769,"Small-Bore Rifle, Any Position, 50 metres, Men (Olympic)",617
770,"Small-Bore Rifle, Prone, 50 metres, Team, Men (Olympic)",618
771,"Small-Bore Rifle, Disappearing Target, 25 metres, Men (Olympic)",619
772,"Small-Bore Rifle, Disappearing Target, 25 metres, Team, Men (Olympic)",620
773,Art Competitions,621
774,"Sculpturing, Open (Olympic)",622
775,"100 metres Backstroke, Women (Olympic)",623
776,"Solo, Women (Olympic)",624
777,"Duet, Women (Olympic)",625
778,"50 metres Freestyle, Men (Olympic)",626
779,"200 metres Freestyle, Men (Olympic)",627
780,"100 metres Breaststroke, Men (Olympic)",628
781,"4 × 200 metres Freestyle Relay, Men (Olympic)",629
782,"1,500 metres Freestyle, Men (Olympic)",630
783,"100 metres Butterfly, Men (Olympic)",631
784,"200 metres Butterfly, Men (Olympic)",632
785,"200 metres Individual Medley, Women (Olympic)",633
786,"100 metres Breaststroke, Women (Olympic)",628
787,"200 metres Breaststroke, Women (Olympic)",518
788,"100 metres Freestyle, Women (Olympic)",328
789,"50 metres Freestyle, Women (Olympic)",626
790,"100 metres Butterfly, Women (Olympic)",631
791,"4 × 100 metres Medley Relay, Men (Olympic)",634
792,"100 metres Backstroke, Men (Olympic)",623
793,"4 × 200 metres Freestyle Relay, Women (Olympic)",629
794,"4 × 100 metres Medley Relay, Women (Olympic)",634
795,"400 metres Individual Medley, Women (Olympic)",635
796,"400 metres Freestyle, Women (Olympic)",334
797,"800 metres Freestyle, Women (Olympic)",636
798,"4 × 100 metres Freestyle Relay, Women (Olympic)",637
799,"200 metres Backstroke, Women (Olympic)",638
800,"200 metres Freestyle, Women (Olympic)",627
801,"200 metres Butterfly, Women (Olympic)",632
802,"200 metres Backstroke, Men (Olympic)",638
803,"200 metres Individual Medley, Men (Olympic)",633
804,"400 metres Individual Medley, Men (Olympic)",635
805,"Plain High, Women (Olympic)",454
806,Swimming (Aquatics),639
807,"100 metres Freestyle, Women (Olympic)",640
808,"300 metres Freestyle, Women (Olympic)",641
809,"Synchronized Springboard, Women (Olympic)",642
810,"4 × 100 metres Freestyle Relay, Men (Olympic)",637
811,Diving (Aquatics),643
812,"Springboard, Men (Olympic)",644
813,Swimming (Aquatics),645
814,"100 metres Freestyle, Men (Olympic)",646
815,"400 metres Freestyle, Men (Olympic)",647
816,"1,500 metres Freestyle, Men (Olympic)",648
817,"4 × 200 metres Freestyle Relay, Men (Olympic)",649
818,"Springboard, Men (Olympic)",169
819,"1,000 metres Freestyle, Men (Olympic)",650
820,"200 metres Obstacle Course, Men (Olympic)",651
821,Wrestling,652
822,"Welterweight, Freestyle, Men (Olympic)",653
823,"400 metres Breaststroke, Men (Olympic)",654
824,"1,200 metres Freestyle, Men (Olympic)",655
825,Swimming (Aquatics),656
826,"100 metres Freestyle, Men (Olympic)",657
827,"400 metres Freestyle, Men (Olympic)",658
828,"440 yards Freestyle, Men (Olympic)",659
829,"880 yards Freestyle, Men (Olympic)",660
830,"1 mile Freestyle, Men (Olympic)",550
831,"200 metres Freestyle, Men (Olympic)",661
832,"1,000 metres Freestyle, Men (Olympic)",662
833,"4,000 metres Freestyle, Men (Olympic)",663
834,"4 × 200 metres Freestyle Relay, Men (Olympic)",664
835,"100 metres Freestyle, Men (Olympic)",640
836,"100 metres Backstroke, Men (Olympic)",665
837,"Synchronized Springboard, Men (Olympic)",642
838,Rowing,666
839,Swimming (Aquatics),667
840,"100 metres Freestyle, Men (Olympic)",668
841,"4 × 200 metres Freestyle Relay, Men (Olympic)",669
842,"200 metres Breaststroke, Men (Olympic)",670
843,"Underwater Swimming, Men (Olympic)",671
844,Fencing,672
845,"Foil, Individual, Men (Olympic)",673
846,"Sabre, Individual, Men (Olympic)",674
847,"Free Pistol, 30 metres, Men (Olympic)",675
848,"Military Pistol, 25 metres, Men (Olympic)",676
849,"Muzzle-Loading Pistol, 25 metres, Men (Olympic)",677
850,Swimming (Aquatics),678
851,"100 metres Freestyle, Men (Olympic)",679
852,"500 metres Freestyle, Men (Olympic)",680
853,"1,200 metres Freestyle, Men (Olympic)",681
854,"4 × 200 metres Freestyle Relay, Men (Olympic)",682
855,Modern Pentathlon,683
856,"Individual, Men (Olympic)",684
857,Art Competitions,685
858,"Architecture, Designs For Town Planning, Open (Olympic)",686
859,"300 metres Freestyle, Women (Olympic)",687
860,"4,000 metres Freestyle, Men (Olympic)",688
861,"200 metres Team Swimming, Men (Olympic)",689
862,"Parallel Bars, Men (Olympic)",690
863,"Team All-Around, Men (Olympic)",691
864,"4 × 250 metres Freestyle Relay, Men (Intercalated)",692
865,"50 yards Freestyle, Men (Olympic)",693
866,"4 × 50 yards Freestyle Relay, Men (Olympic)",694
867,"100 yards Backstroke, Men (Olympic)",695
868,"440 yards Breaststroke, Men (Olympic)",696
869,"50 yards Freestyle, Men (Olympic)",697
870,"100 yards Freestyle, Men (Olympic)",698
871,"440 yards Freestyle, Men (Olympic)",699
872,"4 × 50 yards Freestyle Relay, Men (Olympic)",700
873,"100 yards Backstroke, Men (Olympic)",701
874,"440 yards Breaststroke, Men (Olympic)",702
875,"100 metres Freestyle, Men (Intercalated)",640
876,"400 metres Freestyle, Men (Intercalated)",703
877,"1 mile Freestyle, Men (Intercalated)",704
878,"100 yards Freestyle, Men (Olympic)",705
879,"220 yards Freestyle, Men (Olympic)",706
880,"200 metres Team Swimming, Men (Olympic)",707
881,"100 metres Freestyle For Sailors, Men (Olympic)",708
882,"440 yards, Handicap, Men (Olympic (non-medal))",709
883,"400 metres Freestyle, Men (Olympic)",703
884,"1,500 metres Freestyle, Men (Olympic)",710
885,"Olympic Distance, Women (Olympic)",711
886,"200 metres Breaststroke, Women (Olympic)",712
887,"Water Polo, Women (Olympic (non-medal))",336
888,"Water Polo, Women (Olympic (non-medal))",511
889,"400 metres Freestyle, Women (Olympic)",703
890,"4 × 100 metres Freestyle Relay, Women (Olympic)",713
891,Water Polo (Aquatics),714
892,"Water Polo, Men (Olympic)",715
893,Diving (Aquatics),716
894,"Platform, Men (Intercalated)",717
895,"100 metres Freestyle, Men (Intercalated)",679
896,"200 metres Breaststroke, Men (Olympic)",712
897,"1,500 metres Freestyle, Men (Olympic)",718
898,"100 metres Backstroke, Women (Olympic)",665
899,"Individual, Women (Olympic)",46
900,"Plunge For Distance, Men (Olympic)",719
901,"880 yards, Handicap, Men (Olympic (non-medal))",720
902,"220 yards, Handicap, Men (Olympic (non-medal))",721
903,"1 mile, Handicap, Men (Olympic (non-medal))",722
904,"880 yards, Handicap, Men (Olympic (non-medal))",723
905,"100 yards, Handicap, Men (Olympic (non-medal))",724
906,"Beach Volleyball, Men (Olympic)",725
907,"Beach Volleyball, Women (Olympic)",725
908,"Volleyball, Women (Olympic)",726
909,"Volleyball, Men (Olympic)",726
910,"100 metres Backstroke, Men (Olympic)",727
911,"200 metres Breaststroke, Men (Olympic)",728
912,"200 metres Backstroke, Men (Olympic)",729
913,"200 metres Obstacle Course, Men (Olympic)",730
914,Water Polo (Aquatics),731
915,"Water Polo, Men (Olympic)",732
916,Football (Football),733
917,"Football, Men (Olympic)",734
918,"Bantamweight, Men (Olympic)",735
919,"Middle-Heavyweight, Men (Olympic)",736
920,"Lightweight, Men (Olympic)",737
921,"Middleweight, Men (Olympic)",738
922,"Light-Heavyweight, Men (Olympic)",739
923,"Heavyweight II, Men (Olympic)",740
924,"Heavyweight I, Men (Olympic)",741
925,"Heavyweight, Men (Olympic)",742
926,"Super-Heavyweight, Men (Olympic)",743
927,"Long Jump, Women (Olympic)",28
928,"4 × 100 metres Relay, Women (Olympic)",322
929,"Flyweight, Men (Olympic)",744
930,Wrestling,745
931,"Light-Heavyweight, Freestyle, Men (Olympic)",746
932,"Unlimited, One Hand, Men (Olympic)",747
933,"Rope Climbing, Men ()",407
934,"Light-Heavyweight, Freestyle, Men (Olympic)",748
935,"Lightweight, Freestyle, Men (Olympic)",749
936,"20 kilometres Race Walk, Women (Olympic)",750
937,"Featherweight, Greco-Roman, Men (Olympic)",751
938,Athletics,752
939,"4 × 100 metres Relay, Men (Olympic)",753
940,"Unlimited, Two Hands, Men (Olympic)",754
941,"All-Around Dumbbell Contest, Men (Olympic)",755
942,"Featherweight, Freestyle, Men (Olympic)",756
943,"Light-Flyweight, Freestyle, Men (Olympic)",757
944,"Bantamweight, Freestyle, Men (Olympic)",758
945,"Flyweight, Freestyle, Men (Olympic)",759
946,"Middleweight, Freestyle, Men (Olympic)",760
947,"Bantamweight, Greco-Roman, Men (Olympic)",761
948,"Heavyweight, Freestyle, Men (Olympic)",480
949,"Middleweight, Greco-Roman, Men (Olympic)",762
950,"Super-Heavyweight, Greco-Roman, Men (Olympic)",763
951,"Super-Heavyweight, Freestyle, Men (Olympic)",764
952,"Heavyweight, Greco-Roman, Men (Olympic)",765
953,"Light-Heavyweight, Greco-Roman, Men (Olympic)",766
954,"Flyweight, Greco-Roman, Men (Olympic)",767
955,"Middleweight B, Greco-Roman, Men (Olympic)",768
956,"Middleweight A, Greco-Roman, Men (Olympic)",769
957,"Light-Flyweight, Greco-Roman, Men (Olympic)",770
958,"Unlimited, One Hand, Men (Intercalated)",747
959,"Unlimited, Two Hands, Men (Intercalated)",754
960,"Heavyweight, Greco-Roman, Men (Intercalated)",771
961,"High Jump, Men (Intercalated)",772
962,"Standing High Jump, Men (Intercalated)",773
963,"Pole Vault, Men (Intercalated)",774
964,"Long Jump, Men (Intercalated)",775
965,"Standing Long Jump, Men (Intercalated)",776
966,"Triple Jump, Men (Intercalated)",777
967,"Lightweight, Greco-Roman, Men (Intercalated)",430
968,"Heavyweight, Greco-Roman, Men (Intercalated)",765
969,"All-Around, Greco-Roman, Men (Intercalated)",778
970,"Middleweight, Greco-Roman, Men (Intercalated)",762
971,"Unlimited Class, Greco-Roman, Men (Olympic)",779
972,Glíma,780
973,"Glíma, Men (Olympic (non-medal))",780
974,"Glíma, Men (Olympic (non-medal))",781
975,Athletics,782
976,"880 yards, Handicap, Men (Olympic (non-medal))",783
977,Rowing,784
978,"Double Sculls, Intermediate, Men (Olympic (non-medal))",785
979,"Shot Put, Handicap, Men (Olympic (non-medal))",786
980,"Two Person Dinghy, Women (Olympic)",787
981,"Windsurfer, Women (Olympic)",788
982,"One Person Dinghy, Women (Olympic)",789
983,"Multihull, Open (Olympic)",790
984,"Three Person Keelboat, Women (Olympic)",791
985,"Two Person Dinghy, Open (Olympic)",792
986,"5.5 metres, Open (Olympic)",793
987,"7 metres, Open (Olympic)",794
988,"Two Person Heavyweight Dinghy, Open (Olympic)",795
989,"Windsurfer, Men (Olympic)",788
990,"One Person Dinghy, Men (Olympic)",789
991,"One Person Heavyweight Dinghy, Men (Olympic)",796
992,"Windsurfer, Open (Olympic)",797
993,"Open, Open (Olympic)",798
994,"1-2 Ton, Open (Olympic)",799
995,"12 metres, Open (Olympic)",800
996,"40 metres², Open (Olympic)",801
997,"Two Person Dinghy, Men (Olympic)",787
998,"10 metres, Open (Olympic)",802
999,"½-1 Ton, Open (Olympic)",803
1000,"Music, Compositions For Orchestra, Open (Olympic)",804
1001,"Two Person Keelboat, Men (Olympic)",805
1002,"30 metres², Open (Olympic)",806
1003,"12 foot, Open (Olympic)",807
1004,"10-20 Ton, Open (Olympic)",808
1005,"2-3 Ton, Open (Olympic)",809
1006,"Skiff, Open (Olympic)",810
1007,"0-½ Ton, Open (Olympic)",811
1008,"20+ Ton, Open (Olympic)",812
1009,"6.5 metres, Open (Olympic)",813
1010,"3-10 Ton, Open (Olympic)",814
1011,"Windsurfer, Men (Olympic (non-medal))",788
1012,"Multihull, Mixed (Olympic)",815
1013,"400 metres Hurdles, Men (Olympic)",816
1014,"200 metres, Women (Olympic)",381
1015,"800 metres, Women (Olympic)",24
1016,"1,500 metres, Women (Olympic)",71
1017,"Javelin Throw, Women (Olympic)",320
1018,"Heptathlon, Women (Olympic)",817
1019,"3,000 metres Steeplechase, Men (Olympic)",818
1020,"5,000 metres, Men (Olympic)",819
1021,"20 kilometres Race Walk, Men (Olympic)",750
1022,"50 kilometres Race Walk, Men (Olympic)",820
1023,"10,000 metres, Men (Olympic)",821
1024,"High Jump, Women (Olympic)",26
1025,"100 metres, Women (Olympic)",22
1026,"Discus Throw, Women (Olympic)",303
1027,"100 metres Hurdles, Women (Olympic)",822
1028,"10,000 metres, Women (Olympic)",821
1029,"Marathon, Women (Olympic)",72
1030,"Shot Put, Women (Olympic)",302
1031,"80 metres Hurdles, Women (Olympic)",823
1032,"Hammer Throw, Women (Olympic)",317
1033,"5,000 metres, Women (Olympic)",819
1034,"10 kilometres Race Walk, Women (Olympic)",824
1035,"400 metres Hurdles, Women (Olympic)",816
1036,"Pentathlon, Women (Olympic)",825
1037,"5 miles, Men (Olympic)",826
1038,"10 miles Race Walk, Men (Olympic)",827
1039,"10 kilometres Race Walk, Men (Olympic)",824
1040,"400 metres, Men (Intercalated)",23
1041,"800 metres, Men (Intercalated)",24
1042,"1,500 metres, Men (Intercalated)",71
1043,"5 miles, Men (Intercalated)",826
1044,Boxing,828
1045,"Lightweight, Men (Olympic)",829
1046,"Pentathlon, Men (Olympic)",825
1047,"100 yards, Handicap, Men (Olympic (non-medal))",830
1048,"120 yards Hurdles, Handicap, Men (Olympic (non-medal))",831
1049,"Standing High Jump, Men (Olympic)",459
1050,"3,500 metres Race Walk, Men (Olympic)",832
1051,"Cross-Country, Individual, Men (Olympic)",833
1052,"3,000 metres Race Walk, Men (Olympic)",834
1053,"60 metres, Men (Olympic)",835
1054,"100 metres, Handicap, Men (Olympic (non-medal))",836
1055,Athletics,837
1056,"5,000 metres, Team, Men (Olympic)",838
1057,"Discus Throw, Both Hands, Men (Olympic)",839
1058,"Discus Throw, Greek Style, Men (Olympic)",304
1059,"2,500 metres Steeplechase, Men (Olympic)",840
1060,"2,500 metres Steeplechase, Handicap, Men (Olympic (non-medal))",841
1061,"3,200 metres Steeplechase, Men (Olympic)",842
1062,"3,000 metres, Team, Men (Olympic)",843
1063,"Cross-Country, Team, Men (Olympic)",844
1064,"Standing Triple Jump, Men (Olympic)",845
1065,"Javelin Throw, Freestyle, Men (Intercalated)",846
1066,"Javelin Throw, Freestyle, Men (Olympic)",846
1067,Wrestling,847
1068,"Light-Heavyweight, Greco-Roman, Men (Olympic)",848
1069,"1,600 metres Medley Relay, Men (Olympic)",849
1070,"1 mile, Handicap, Men (Olympic (non-medal))",850
1071,"56-pound Weight Throw, Handicap, Men (Olympic (non-medal))",851
1072,"Pole Vault, Handicap, Men (Olympic (non-medal))",852
1073,"Heavyweight, Men (Olympic)",853
1074,"200 metres Hurdles, Men (Olympic)",854
1075,"4,000 metres Steeplechase, Men (Olympic)",855
1076,"1,500 metres, Handicap, Men (Olympic (non-medal))",856
1077,"440 yards, Handicap, Men (Olympic (non-medal))",857
1078,"880 yards, Handicap, Men (Olympic (non-medal))",858
1079,"Heavyweight, Women (Olympic)",742
1080,"800 metres, Handicap, Men (Olympic (non-medal))",859
1081,Athletics,860
1082,"Shot Put, Men (Olympic)",861
1083,"Discus Throw, Men (Olympic)",862
1084,"3,000 metres Steeplechase, Women (Olympic)",818
1085,"Shot Put, Both Hands, Men (Olympic)",863
1086,"Stone Throw, Men (Intercalated)",864
1087,"Team All-Around, Men (Olympic)",445
1088,"20 kilometres, Men (Olympic)",865
1089,"Pentathlon, Men (Olympic)",866
1090,"3 miles, Team, Men (Olympic)",867
1091,Rugby (Rugby),868
1092,"Rugby, Men (Olympic)",869
1093,"110 metres Hurdles, Handicap, Men (Olympic (non-medal))",870
1094,"400 metres, Handicap, Men (Olympic (non-medal))",871
1095,"4 miles, Team, Men (Olympic)",872
1096,"Doubles, Handicap, Men (Olympic (non-medal))",873
1097,"Heavyweight, Greco-Roman, Men (Olympic)",874
1098,"400 metres Hurdles, Handicap, Men (Olympic (non-medal))",875
1099,"Heavyweight, Freestyle, Men (Olympic)",876
1100,"Shot Put, Men (Olympic)",877
1101,"Discus Throw, Men (Olympic)",878
1102,"2,590 metres Steeplechase, Men (Olympic)",879
1103,"Unlimited Class, Greco-Roman, Men (Olympic)",880
1104,"120 yards Hurdles, Men (Olympic (non-medal))",881
1105,"Long Jump, Men (Olympic (non-medal))",28
1106,"Triple Jump, Men (Olympic (non-medal))",29
1107,"Standing Triple Jump, Men (Olympic (non-medal))",845
1108,"Stone Throw, Men (Olympic (non-medal))",864
1109,"All-Around Championship, Men (Olympic)",882
1110,"Hammer Throw, Men (Olympic (non-medal))",317
1111,Ski Jumping (Skiing),883
1112,"Large Hill, Individual, Men (Olympic)",884
1113,Nordic Combined (Skiing),885
1114,"Individual, Men (Olympic)",886
1115,"Individual All-Around, Men (Olympic)",443
1116,"Horse Vault, Men (Olympic)",887
1117,"Parallel Bars, Teams, Men (Olympic)",888
1118,"Horizontal Bar, Men (Olympic)",889
1119,"Horizontal Bar, Teams, Men (Olympic)",890
1120,"Rings, Men (Olympic)",891
1121,"Pommelled Horse, Men (Olympic)",892
1122,Football (Football),893
1123,"Football, Men (Olympic)",894
1124,Basketball (Basketball),895
1125,"Basketball, Men (Olympic)",896
1126,"1,500 metres Race Walk, Men (Intercalated)",897
1127,"100 metres Backstroke, Men (Olympic)",898
1128,"200 metres Breaststroke, Men (Olympic)",899
1129,"Long Jump, Handicap, Men (Olympic (non-medal))",900
1130,"Literature, Dramatic Works, Open (Olympic)",901
1131,Glíma,902
1132,"Glíma, Men (Olympic (non-medal))",902
1133,"4 × 10 kilometres Relay, Men (Olympic)",903
1134,"6-hour race, Professionals, Men (Olympic (non-medal))",904
1135,"Pole Vault, Men (Intercalated)",437
1136,"Pairs, Mixed (Olympic)",905
1137,"15 kilometres, Men (Olympic)",906
1138,"30 kilometres, Men (Olympic)",907
1139,"1 mile, Men (Olympic (non-medal))",908
1140,Art Competitions,909
1141,"Literature, Epic Works, Open (Olympic)",910
1142,"Marathon, Men (Intercalated)",911
1143,"Standing Long Jump, Men (Intercalated)",457
1144,"Discus Throw, Men (Intercalated)",461
1145,"Discus Throw, Greek Style, Men (Intercalated)",912
1146,"Pentathlon (Ancient), Men (Intercalated)",913
1147,"Marathon, Men (Olympic)",911
1148,Baseball (Baseball/Softball),914
1149,"Baseball, Men (Olympic (non-medal))",915
1150,"440 yards, Men (Olympic (non-medal))",916
1151,"880 yards, Men (Olympic (non-medal))",917
1152,"100 yards, Men (Olympic (non-medal))",918
1153,"2 miles, Men (Olympic (non-medal))",919
1154,"5 miles, Boys (Olympic (non-medal))",920
1155,"220 yards, Men (Olympic (non-medal))",921
1156,"120 yards Hurdles, Boys (Olympic (non-medal))",922
1157,"1 mile, Boys (Olympic (non-medal))",923
1158,"Shot Put, Men (Olympic (non-medal))",302
1159,"Special Scratch Pole Vault #2, Men (Olympic (non-medal))",924
1160,"Individual All-Around, Field Sports, Men (Olympic)",925
1161,"Individual All-Around, Apparatus Work, Men (Olympic)",926
1162,"60 yards, Handicap, Men (Olympic (non-medal))",927
1163,"1 mile, Team, Handicap, Men (Olympic (non-medal))",928
1164,"2 miles, Handicap, Men (Olympic (non-medal))",929
1165,"5 miles, Men (Olympic (non-medal))",826
1166,"220 yards, Handicap, Men (Olympic (non-medal))",930
1167,"100 yards, Boys (Olympic (non-medal))",931
1168,"220 yards Hurdles, Men (Olympic (non-medal))",932
1169,"Pole Vault, Boys (Olympic (non-medal))",933
1170,"Pole Vault, Men (Olympic (non-medal))",27
1171,"880 yards, Boys (Olympic (non-medal))",934
1172,"Heavyweight, Greco-Roman, Men (Intercalated)",874
1173,"Middleweight, Greco-Roman, Men (Intercalated)",935
1174,"3,000 metres Race Walk, Men (Intercalated)",834
1175,"Unlimited, One Hand, Men (Intercalated)",586
1176,"Sculpturing, Open (Olympic)",936
1177,"Military Rifle, Kneeling Or Standing, 300 metres, Men (Intercalated)",937
1178,"100 metres Freestyle, Men (Intercalated)",668
1179,"400 metres Freestyle, Men (Intercalated)",938
1180,"1 mile Freestyle, Men (Intercalated)",939
1181,"Heavyweight, Greco-Roman, Men (Intercalated)",295
1182,"Middleweight, Greco-Roman, Men (Intercalated)",940
1183,"Unlimited, One Hand, Men (Intercalated)",941
1184,"Unlimited, Two Hands, Men (Intercalated)",301
1185,Cycling Track (Cycling),942
1186,"Sprint, Men (Intercalated)",943
1187,"20 kilometres, Men (Intercalated)",944
1188,"Singles, Women (Intercalated)",1
1189,Tennis,945
1190,"Singles, Men (Intercalated)",946
1191,"Doubles, Men (Intercalated)",947
1192,"26th Federal Festival, Society and Association Contests, Non-Simultaneous, Olympic Championships, Individual, Men (Olympic (non-medal))",948
1193,"Discus Throw, Men (Intercalated)",949
1194,"Discus Throw, Greek Style, Men (Intercalated)",950
1195,Wrestling,951
1196,"Lightweight, Greco-Roman, Men (Intercalated)",952
1197,"6-Man Naval Rowing Boats, Men (Intercalated)",953
1198,"100 metres, Men (Intercalated)",436
1199,Cycling Track (Cycling),954
1200,"Tandem Sprint, 2,000 metres, Men (Intercalated)",955
1201,"Coxed Fours, Men (Intercalated)",956
1202,Rowing,957
1203,"6-Man Naval Rowing Boats, Men (Intercalated)",958
1204,"100 metres, Men (Intercalated)",959
1205,Rowing,960
1206,"Coxed Fours, Men (Intercalated)",961
1207,Shooting,962
1208,"Free Pistol, 25 metres, Men (Intercalated)",963
1209,"Free Pistol, 50 metres, Men (Intercalated)",964
1210,"Military Revolver, 1873-1874 Gras Model, 20 metres, Men (Intercalated)",965
1211,"Military Revolver, 20 metres, Men (Intercalated)",966
1212,Rowing,967
1213,"High Jump, Men (Intercalated)",968
1214,"Two-Man Teams With Cesta, Men (Olympic)",969
1215,"Festival for Societies of the Seine, Olympic Competition, Individual, Men (Olympic (non-medal))",970
1216,"Coxed Fours, Men (Intercalated)",971
1217,Fencing,972
1218,"Foil, Individual, Men (Olympic)",973
1219,"Singles, Women (Olympic)",974
1220,"Slalom, Women (Olympic)",975
1221,"5 kilometres, Women (Olympic)",976
1222,"10 kilometres, Women (Olympic)",977
1223,"20 kilometres, Women (Olympic)",978
1224,"Singles, Women (Olympic)",979
1225,"3 × 5 kilometres Relay, Women (Olympic)",980
1226,"7.5 kilometres Sprint, Women (Olympic)",981
1227,"15 kilometres, Women (Olympic)",982
1228,"3 × 7.5 kilometres Relay, Women (Olympic)",983
1229,"4 × 7.5 kilometres Relay, Women (Olympic)",984
1230,"1,500 metres, Women (Olympic)",985
1231,"Downhill, Women (Olympic)",986
1232,"Giant Slalom, Women (Olympic)",987
1233,"30 kilometres, Women (Olympic)",907
1234,"5/10 kilometres Pursuit, Women (Olympic)",988
1235,"4 × 5 kilometres Relay, Women (Olympic)",989
1236,"15 kilometres, Women (Olympic)",906
1237,"5/5 kilometres Pursuit, Women (Olympic)",990
1238,"1,000 metres, Women (Olympic)",991
1239,"3,000 metres Relay, Women (Olympic)",992
1240,"10 kilometres Pursuit, Women (Olympic)",993
1241,"4 × 6 kilometres Relay, Women (Olympic)",994
1242,"Ice Dancing, Mixed (Olympic)",995
1243,"500 metres, Women (Olympic)",996
1244,"Super G, Women (Olympic)",997
1245,"Combined, Women (Olympic)",470
1246,"5,000 metres, Men (Olympic)",216
1247,"500 metres, Women (Olympic)",998
1248,"500 metres, Women (Olympic (non-medal))",998
1249,"1,000 metres, Women (Olympic (non-medal))",999
1250,"1,500 metres, Women (Olympic (non-medal))",1000
1251,"3,000 m, Women (Olympic (non-medal))",1001
1252,"1,000 metres, Women (Olympic)",999
1253,"Moguls, Women (Olympic)",1002
1254,Cross Country Skiing (Skiing),1003
1255,"5 kilometres, Women (Olympic)",1004
1256,"5/10 kilometres Pursuit, Women (Olympic)",1005
1257,"Aerials, Women (Olympic (non-medal))",1006
1258,"Aerials, Women (Olympic)",1006
1259,"3,000 metres Relay, Women (Olympic (non-medal))",992
1260,"Ballet, Women (Olympic (non-medal))",1007
1261,"12.5 kilometres Mass Start, Women (Olympic)",1008
1262,"Individual, Women (Olympic (non-medal))",1009
1263,"Sprint, Women (Olympic)",1010
1264,"Sprint, Women (Olympic)",1011
1265,"Ski Cross, Women (Olympic)",1012
1266,"30 kilometres, Women (Olympic)",1013
1267,"Moguls, Women (Olympic (non-medal))",1002
1268,"15 kilometres Skiathlon, Women (Olympic)",1014
1269,"Ice Dancing, Mixed (Olympic (non-medal))",995
1270,"Team Sprint, Women (Olympic)",1015
1271,"Mass Start, Women (Olympic)",1016
1272,"1,500 metres, Women (Olympic)",1000
1273,"4 × 5 kilometres Relay, Women (Olympic)",1017
1274,"Singles, Men (Olympic)",979
1275,"Team, Men (Olympic)",1018
1276,"10 kilometres Sprint, Men (Olympic)",1019
1277,"4 × 7.5 kilometres Relay, Men (Olympic)",984
1278,"Giant Slalom, Men (Olympic)",987
1279,"Slalom, Men (Olympic)",975
1280,"500 metres, Men (Olympic)",996
1281,"1,000 metres, Men (Olympic)",991
1282,"Downhill, Men (Olympic)",986
1283,"Super G, Men (Olympic)",997
1284,"Large Hill, Individual, Men (Olympic)",1020
1285,"1,500 metres, Men (Olympic)",985
1286,"Normal Hill, Individual, Men (Olympic)",1021
1287,"Large Hill, Team, Men (Olympic)",1022
1288,"500 metres, Men (Olympic (non-medal))",998
1289,"1,000 metres, Men (Olympic (non-medal))",999
1290,"1,500 metres, Men (Olympic (non-medal))",1000
1291,"5,000 metres Relay, Men (Olympic (non-medal))",1023
1292,"3,000 m, Men (Olympic (non-medal))",1001
1293,"5,000 metres Relay, Men (Olympic)",1023
1294,"10 kilometres, Men (Olympic)",977
1295,"10/15 kilometres Pursuit, Men (Olympic)",1024
1296,Curling,1025
1297,"Curling, Men (Olympic)",1025
1298,"Moguls, Men (Olympic)",1002
1299,"Doubles, Open (Olympic)",1026
1300,"10/10 kilometres Pursuit, Men (Olympic)",1027
1301,"Singles, Men (Olympic)",974
1302,Luge,1028
1303,"Singles, Men (Olympic)",1029
1304,"10 kilometres, Men (Olympic)",1030
1305,"30 kilometres, Men (Olympic)",1013
1306,"10/15 kilometres Pursuit, Men (Olympic)",1031
1307,"4 × 10 kilometres Relay, Men (Olympic)",1032
1308,"10,000 metres, Men (Olympic)",1033
1309,"Allround, Men (Olympic)",1034
1310,"Sprint, Men (Olympic)",1010
1311,"30 kilometres Skiathlon, Men (Olympic)",1035
1312,"Team Sprint, Men (Olympic)",1015
1313,"15 kilometres, Men (Olympic)",982
1314,Military Ski Patrol (Skiing),1036
1315,"Military Ski Patrol, Men (Olympic)",1037
1316,"Aerials, Men (Olympic (non-medal))",1006
1317,"Aerials, Men (Olympic)",1006
1318,Ski Jumping (Skiing),1038
1319,"Large Hill, Individual, Men (Olympic)",1039
1320,"Ice Hockey Exhibition, Men (Olympic (non-medal))",1040
1321,"18 kilometres, Men (Olympic)",1041
1322,Nordic Combined (Skiing),1042
1323,"Individual, Men (Olympic)",1043
1324,Ski Jumping (Skiing),1044
1325,"Large Hill, Individual, Men (Olympic)",1045
1326,"500 metres, Men (Olympic)",998
1327,"1,000 metres, Men (Olympic)",999
1328,"Moguls, Men (Olympic (non-medal))",1002
1329,Skeleton (Bobsleigh),1046
1330,"Skeleton, Men (Olympic)",1047
1331,Nordic Combined (Skiing),1048
1332,"Individual, Men (Olympic)",1049
1333,Ski Jumping (Skiing),1050
1334,"Large Hill, Individual, Men (Olympic)",1051
1335,"12.5 kilometres Pursuit, Men (Olympic)",1052
1336,"15 kilometres Mass Start, Men (Olympic)",1053
1337,"2 × 6 kilometres and 2 × 7.5 kilometres Relay, Mixed (Olympic)",1054
1338,Cross Country Skiing (Skiing),1055
1339,"18 kilometres, Men (Olympic)",1056
1340,"Team Pursuit (8 laps), Men (Olympic)",1057
1341,"1,500 metres, Men (Olympic)",1000
1342,"Special Figures, Men (Olympic)",1058
1343,"Large Hill, Team, Men (Olympic)",1059
1344,"50 kilometres, Men (Olympic)",1060
1345,Cross Country Skiing (Skiing),1061
1346,"50 kilometres, Men (Olympic)",1062
1347,Ski Jumping (Skiing),1063
1348,"Large Hill, Individual, Men (Olympic)",1064
1349,Military Ski Patrol (Skiing),1065
1350,"Military Ski Patrol, Men (Olympic (non-medal))",1066
1351,"Normal Hill, Individual, Men (Olympic)",1067
1352,Speed Skating (Skating),1068
1353,"500 metres, Men (Olympic)",1069
1354,"1,500 metres, Men (Olympic)",1070
1355,"5,000 metres, Men (Olympic)",1071
1356,"Allround, Men (Olympic)",1072
1357,Ice Hockey (Ice Hockey),1073
1358,"Ice Hockey, Men (Olympic)",1074
1359,Ice Hockey (Ice Hockey),1075
1360,"Ice Hockey, Men (Olympic)",1076
1361,Bobsleigh (Bobsleigh),1077
1362,"Four, Men (Olympic)",1078
1363,"Team Relay, Mixed (Olympic)",1079
1364,Alpine Skiing (Skiing),1080
1365,"Combined, Men (Olympic)",1081
1366,"50 kilometres, Men (Olympic)",1082
1367,"Military Ski Patrol, Men (Olympic (non-medal))",1037
1368,"15 kilometres, Men (Olympic)",1083
1369,"Ballet, Men (Olympic (non-medal))",1007
1370,"Sprint, Men (Olympic)",1084
1371,"Normal Hill / 10 km, Individual, Men (Olympic)",1085
1372,"Large Hill / 10 km, Individual, Men (Olympic)",1086
1373,Cross Country Skiing (Skiing),1087
1374,"50 kilometres, Men (Olympic)",1088
1375,"30 kilometres, Men (Olympic)",1089
1376,"Sculpturing, Medals, Open (Olympic)",1090
1377,"Kayak Singles, 200 metres, Women (Olympic)",1091
1378,"Kayak Singles, 200 metres, Men (Olympic)",1091
1379,"Kayak Doubles, 200 metres, Men (Olympic)",1092
1380,"Kayak Fours, 500 metres, Men (Olympic)",131
1381,"Omnium, Women (Olympic)",244
1382,"BMX, Men (Olympic)",1093
1383,"Individual, Men (Olympic)",1094
1384,"Individual, Women (Olympic)",1094
1385,"Team, Men (Olympic)",1095
1386,"Lightweight, Freestyle, Women (Olympic)",749
1387,"Windsurfer, Women (Olympic (non-medal))",788
1388,"Trap, Team, Mixed (Olympic)",369
1389,"Air Pistol, 10 metres, Team, Mixed (Olympic)",1096
1390,Marathon Swimming (Aquatics),1097
1391,"10 kilometres Open Water, Women (Olympic)",1098
1392,"10 kilometres Open Water, Women (Olympic)",1099
1393,"10 kilometres Open Water, Men (Olympic)",1098
1394,"10 kilometres Open Water, Men (Olympic)",1099
1395,"Featherweight, Men (Olympic)",1100
1396,"Flyweight, Men (Olympic)",1101
1397,"Flyweight, Women (Olympic)",1101
1398,"Featherweight, Women (Olympic)",1100
1399,"Welterweight, Men (Olympic)",1102
1400,"Finweight, Men (Olympic (non-medal))",1103
1401,"Welterweight, Women (Olympic)",1102
1402,"Heavyweight, Men (Olympic)",1104
1403,"Heavyweight, Women (Olympic)",1104
1404,"Lightweight, Women (Olympic (non-medal))",1105
1405,"Welterweight, Women (Olympic (non-medal))",1102
1406,"Bantamweight, Men (Olympic (non-medal))",1106
1407,"Middleweight, Women (Olympic (non-medal))",1107
1408,"Heavyweight, Women (Olympic (non-medal))",1104
1409,"Olympic Distance, Men (Olympic)",711
1410,Athletics,1108
1411,"10,000 metres, Women (Olympic)",1109
1412,"Water Polo, Women (Olympic)",511
1413,"Light-Heavyweight, Women (Olympic)",739
1414,"Lightweight, Women (Olympic)",737
1415,"Middleweight, Women (Olympic)",738
1416,"Super-Heavyweight, Women (Olympic)",743
1417,"Featherweight, Women (Olympic)",405
1418,"Flyweight, Women (Olympic)",744
1419,Alpine Skiing (Skiing),1110
1420,"Combined, Men (Olympic)",1111
1421,Nordic Combined (Skiing),1112
1422,"Individual, Men (Olympic)",1113
1423,Football (Football),1114
1424,"Football, Men (Olympic)",1115
1425,"Ski Cross, Men (Olympic)",1012
1426,"10,000 metres, Men (Olympic)",1116
1427,Alpine Skiing (Skiing),1117
1428,"Giant Slalom, Men (Olympic)",1118
1429,"50 kilometres, Men (Olympic)",1119
1430,Skijoring (Skiing),1120
1431,"Ski Joring, Men (Olympic (non-medal))",1121
1432,"Two, Men (Olympic)",1122
1433,"Sprint, Men (Olympic)",1011
1434,"Giant Slalom, Men (Olympic)",1123
1435,"Parallel Giant Slalom, Men (Olympic)",1124
1436,"Giant Slalom, Women (Olympic)",1123
1437,"Cross, Men (Olympic)",1125
1438,"Parallel Slalom, Men (Olympic)",1126
1439,"Halfpipe, Men (Olympic)",1127
1440,"Halfpipe, Women (Olympic)",1127
1441,"Cross, Women (Olympic)",1125
1442,"Parallel Giant Slalom, Women (Olympic)",1124
1443,"Curling, Women (Olympic)",1128
1444,"Curling, Women (Olympic (non-medal))",1128
1445,"Curling, Men (Olympic)",1128
1446,"Curling, Men (Olympic (non-medal))",1128
1447,"Ice Hockey, Women (Olympic)",340
1448,"18 foot, Open (Olympic)",1129
1449,"Slopestyle, Women (Olympic)",1130
1450,"10/10 kilometres Pursuit, Men (Olympic)",1131
1451,"Team, Mixed (Olympic)",1132
1452,"Parallel Slalom, Women (Olympic)",1126
1453,"Skeleton, Women (Olympic)",588
1454,"Team, Mixed (Olympic)",1133
1455,"Four, Open (Olympic)",1134
1456,"High Jump, Men (Olympic (non-medal))",1135
1457,"Standing High Jump, Men (Olympic)",1136
1458,"Pole Vault, Men (Olympic (non-medal))",1137
1459,"High Jump, Handicap, Men (Olympic (non-medal))",1138
1460,"Pole Vault, Handicap, Men (Olympic (non-medal))",1139
1461,"Plunge For Distance, Men (Olympic)",1140
1462,"220 yards, Handicap, Men (Olympic (non-medal))",1141
1463,"1 mile, Handicap, Men (Olympic (non-medal))",1142
1464,"Singles, Men (Olympic)",1143
1465,"Unknown Event, Men (Olympic)",1144
1466,"4 × 100 metres Medley Relay, Mixed (Olympic)",634
1467,"1,500 metres Freestyle, Women (Olympic)",630
1468,"Skiff, Women (Olympic)",1145
1469,"Skiff, Men (Olympic)",1145
1470,"Air Rifle, 10 metres, Team, Mixed (Olympic)",1146
1471,"Canadian Singles, 200 metres, Men (Olympic)",1147
1472,"Sabre, Individual, Women (Olympic)",196
1473,"Sabre, Team, Women (Olympic)",183
1474,"Relay, Mixed (Olympic)",1148
1475,"Team Pursuit, Women (Olympic)",1149
1476,"Keirin, Men (Olympic)",1150
1477,"Doubles, Mixed (Olympic)",4
1478,"Flyweight, Freestyle, Women (Olympic)",759
1479,"Featherweight, Freestyle, Women (Olympic)",756
1480,"Middleweight, Freestyle, Women (Olympic)",760
1481,"Mass Start, Men (Olympic)",1016
1482,"Normal Hill, Team, Mixed (Olympic)",1151
1483,"Slopestyle, Men (Olympic)",1130
1484,"2,000 metres Relay, Mixed (Olympic)",1152
1485,"Big Air, Women (Olympic)",1153
1486,"Team Cross, Mixed (Olympic)",1154
1487,"Individual, Girls (YOG)",1155
1488,"Team, Mixed Youth (YOG)",49
1489,"50 metres Freestyle, Girls (YOG)",1156
1490,"4 × 100 metres Freestyle Relay, Mixed Youth (YOG)",637
1491,"100 metres Freestyle, Girls (YOG)",1157
1492,"4 × 100 metres Medley Relay, Mixed Youth (YOG)",634
1493,"200 metres Freestyle, Girls (YOG)",1158
1494,"4 × 100 metres Freestyle Relay, Girls (YOG)",1159
1495,"4 × 100 metres Medley Relay, Girls (YOG)",1160
1496,"Team, Mixed (Olympic)",1161
1497,"BMX, Women (Olympic)",1093
1498,"Team Sprint, Men (Olympic)",1162
1499,Cycling Mountain Bike (Cycling),1163
1500,"Cross-Country, Men (Olympic)",1164
1501,"4 × 400 metres Relay, Mixed (Olympic)",274
1502,"50 metres Freestyle, Boys (YOG)",1165
1503,"100 metres Freestyle, Boys (YOG)",1166
1504,"200 metres Freestyle, Boys (YOG)",1167
1505,"100 metres Backstroke, Boys (YOG)",1168
1506,"200 metres Individual Medley, Boys (YOG)",1169
1507,"50 metres Backstroke, Girls (YOG)",1170
1508,"100 metres Backstroke, Girls (YOG)",1171
1509,"200 metres Breaststroke, Girls (YOG)",1172
1510,"200 metres Individual Medley, Girls (YOG)",1173
1511,"400 metres Freestyle, Girls (YOG)",1174
1512,"200 metres Butterfly, Girls (YOG)",1175
1513,"100 metres Butterfly, Boys (YOG)",1176
1514,"200 metres Butterfly, Boys (YOG)",1177
1515,"Springboard, Girls (YOG)",1178
1516,"Platform, Girls (YOG)",1179
1517,"Springboard, Boys (YOG)",1180
1518,"Canadian Singles, Slalom, Women (Olympic)",133
1519,"50 metres Breaststroke, Girls (YOG)",1181
1520,"100 metres Breaststroke, Girls (YOG)",1182
1521,"100 metres Butterfly, Girls (YOG)",1183
1522,"Light-Heavyweight, Freestyle, Women (Olympic)",748
1523,"Team Sprint, Women (Olympic)",1184
1524,"10 kilometres, Women (Olympic)",1030
1525,"Monobob, Women (Olympic)",1185
1526,"Mixed Doubles, Mixed (Olympic)",1186
1527,"Team Aerials, Mixed (Olympic)",1187
1528,"Big Air, Men (Olympic)",1153
1529,Short Track Speed Skating (Skating),1188
1530,"3,000 metres Relay, Women (Olympic)",1189
1531,"10,000 metres Race Walk, Boys (YOG)",1190
1532,"Foil, Individual, Girls (YOG)",1191
1533,"Mixed Weapon, Team, Mixed Youth (YOG)",1192
1534,"100 metres Hurdles, Girls (YOG)",1193
1535,"Air Rifle, 10 metres, Girls (YOG)",1194
1536,"50 metres Breaststroke, Boys (YOG)",1195
1537,"100 metres Breaststroke, Boys (YOG)",1196
1538,"Long Jump, Girls (YOG)",1197
1539,"200 metres, Boys (YOG)",1198
1540,"Medley Relay, Boys (YOG)",1199
1541,"100 metres, Boys (YOG)",1200
1542,"50 metres Butterfly, Girls (YOG)",1201
1543,"Kayak Singles, Head to Head, Girls (YOG)",1202
1544,"Kayak Singles, Obstacle Slalom, Girls (YOG)",1203
1545,"Group, Girls (YOG)",1204
1546,"Singles, Girls (YOG)",1205
1547,"Team, Mixed Youth (YOG)",17
1548,"Lightweight, Women (Olympic)",78
1549,"Flyweight, Women (Olympic)",77
1550,"Middleweight, Women (Olympic)",82
1551,"Individual All-Around, Girls (YOG)",1206
1552,"Floor Exercise, Girls (YOG)",1207
1553,"Vault, Girls (YOG)",1208
1554,"Uneven Bars, Girls (YOG)",1209
1555,"Balance Beam, Girls (YOG)",1210
1556,"Singles, Boys (YOG)",1211
1557,"200 metres Breaststroke, Boys (YOG)",1212
1558,"Pole Vault, Girls (YOG)",1213
1559,"200 metres Backstroke, Boys (YOG)",1214
1560,"Lightweight, Boys (YOG)",1215
1561,"400 metres Hurdles, Girls (YOG)",1216
1562,"Team, Mixed Youth (YOG)",1161
1563,"≤63 kilograms, Girls (YOG)",1217
1564,"Long Jump, Boys (YOG)",1218
1565,"≤55 kilograms, Girls (YOG)",1219
1566,"Air Rifle, 10 metres, Boys (YOG)",1220
1567,"100 metres, Girls (YOG)",1221
1568,"Platform, Boys (YOG)",1222
1569,"200 metres Backstroke, Girls (YOG)",1223
1570,"400 metres, Boys (YOG)",1224
1571,"3,000 metres, Boys (YOG)",1225
1572,"3,000 metres, Girls (YOG)",1226
1573,"Featherweight, Boys (YOG)",1227
1574,"Bantamweight, Boys (YOG)",1228
1575,"Individual, Boys (YOG)",1229
1576,"Pole Vault, Boys (YOG)",1230
1577,"Hockey, Boys (YOG)",1231
1578,"Middleweight, Boys (YOG)",1232
1579,"Featherweight, Girls (YOG)",1233
1580,"400 metres, Girls (YOG)",1234
1581,"Medley Relay, Girls (YOG)",1235
1582,"Air Pistol, 10 metres, Boys (YOG)",1236
1583,"50 metres Butterfly, Boys (YOG)",1237
1584,"800 metres Freestyle, Men (Olympic)",636
1585,"50 metres Backstroke, Boys (YOG)",1238
1586,"1,000 metres, Girls (YOG)",1239
1587,"Light-Heavyweight, Boys (YOG)",1240
1588,"Lightweight, Girls (YOG)",1241
1589,"Individual All-Around, Boys (YOG)",1242
1590,"Floor Exercise, Boys (YOG)",1243
1591,"Vault, Boys (YOG)",1244
1592,"Parallel Bars, Boys (YOG)",1245
1593,"Rings, Boys (YOG)",1246
1594,"Pommelled Horse, Boys (YOG)",1247
1595,"400 metres Freestyle, Boys (YOG)",1248
1596,"4 × 100 metres Freestyle Relay, Boys (YOG)",1249
1597,"4 × 100 metres Medley Relay, Boys (YOG)",1250
1598,"Individual, Girls (YOG)",1251
1599,"Relay, Mixed Youth (YOG)",1252
1600,"Combined Team, Mixed Youth (YOG)",1253
1601,"Middleweight, Boys (YOG)",1254
1602,"Madison, Women (Olympic)",222
1603,"Omnium, Men (Olympic)",1255
1604,"Bantamweight, Boys (YOG)",1256
1605,"Single Sculls, Boys (YOG)",1257
1606,"Horizontal Bar, Boys (YOG)",1258
1607,"Javelin Throw, Boys (YOG)",1259
1608,"800 metres Freestyle, Girls (YOG)",1260
1609,"≤55 kilograms, Boys (YOG)",1261
1610,"Heavyweight, Boys (YOG)",1262
1611,"Team, Mixed Youth (YOG)",1263
1612,"Flyweight, Boys (YOG)",1264
1613,"Singles, Girls (YOG)",1265
1614,"Doubles, Girls (YOG)",1266
1615,"Middleweight, Girls (YOG)",1267
1616,"Individual, Girls (YOG)",1268
1617,"Hockey, Girls (YOG)",1269
1618,"Singles, Girls (YOG)",1270
1619,"1,000 metres, Boys (YOG)",1271
1620,"Air Pistol, 10 metres, Girls (YOG)",1272
1621,"Handball, Girls (YOG)",1273
1622,"3x3 Basketball, Girls (YOG)",1274
1623,"Foil, Individual, Boys (YOG)",1275
1624,"Super-Heavyweight, Boys (YOG)",1276
1625,Cycling Road (Cycling),1277
1626,"Road Race, Individual, Women (Olympic)",1278
1627,"Individual Time Trial, Women (Olympic)",1279
1628,"Omnium, Women (Olympic)",1255
1629,"One Person Dinghy, Girls (YOG)",1280
1630,"Welterweight, Boys (YOG)",1281
1631,"Coxless Pairs, Girls (YOG)",1282
1632,"Individual, Girls (YOG)",1283
1633,"High Jump, Boys (YOG)",1284
1634,"Super G, Boys (YOG)",1285
1635,"Giant Slalom, Boys (YOG)",1286
1636,"Slalom, Boys (YOG)",1287
1637,"Combined, Boys (YOG)",1288
1638,"Super G, Girls (YOG)",1289
1639,"Giant Slalom, Girls (YOG)",1290
1640,"Slalom, Girls (YOG)",1291
1641,"Combined, Girls (YOG)",1292
1642,"Sprint, Girls (YOG)",1293
1643,"5 kilometres, Girls (YOG)",1294
1644,"Slopestyle, Women (Olympic)",1295
1645,"Halfpipe, Women (Olympic)",1296
1646,"Slopestyle, Men (Olympic)",1295
1647,"Singles, Boys (YOG)",1297
1648,"Two, Boys (YOG)",1298
1649,"Halfpipe, Men (Olympic)",1296
1650,"Halfpipe, Boys (YOG)",1299
1651,"Slopestyle, Boys (YOG)",1300
1652,"Singles, Girls (YOG)",1301
1653,"Team Relay, Mixed Youth (YOG)",1079
1654,"Normal Hill, Individual, Women (Olympic)",1021
1655,"Medium Hill, Individual, Girls (YOG)",1302
1656,"Medium Hill, Team, Mixed Youth (YOG)",1303
1657,"Medium Hill, Individual, Boys (YOG)",1304
1658,"Big Air, Women (Olympic)",1305
1659,"6 kilometres Sprint, Girls (YOG)",1306
1660,"7.5 kilometres Pursuit, Girls (YOG)",1307
1661,"Singles, Girls (YOG)",1308
1662,"Singles, Boys (YOG)",1309
1663,"Medium Hill / 10 km, Individual, Boys (YOG)",1310
1664,"Medium Hill, Team, Mixed Youth (YOG)",1311
1665,Alpine Skiing (Skiing),1312
1666,"Super G, Women (Olympic)",1313
1667,Snowboarding (Skiing),1314
1668,"Parallel Giant Slalom, Women (Olympic)",1315
1669,"Big Air, Men (Olympic)",1305
1670,"Halfpipe, Girls (YOG)",1316
1671,"2 × 6 kilometres and 2 × 7.5 kilometres Relay, Mixed Youth (YOG)",1054
1672,Mixed Sports,1317
1673,"Cross-Country / Biathlon Relay, Mixed Youth (YOG)",1318
1674,"Slopestyle, Boys (YOG)",1319
1675,"Halfpipe, Boys (YOG)",1320
1676,"500 metres, Girls (YOG)",1321
1677,"3,000 metres Relay, Mixed Youth (YOG)",992
1678,"1,000 metres, Girls (YOG)",1322
1679,"Park, Men (Olympic)",1323
1680,"Team, Mixed Youth (YOG)",1132
1681,"Two, Girls (YOG)",1324
1682,"Cross-Country / Biathlon Relay, Mixed Youth (YOG)",1325
1683,Cross Country Skiing (Skiing),1326
1684,"Sprint, Boys (YOG)",1327
1685,"10 kilometres, Boys (YOG)",1328
1686,"Ice Hockey, Girls (YOG)",1329
1687,"7.5 kilometres Sprint, Boys (YOG)",1330
1688,"10 kilometres Pursuit, Boys (YOG)",1331
1689,"Air Rifle, 10 metres, Team, Mixed Youth (YOG)",1146
1690,"Heavyweight, Girls (YOG)",1332
1691,"8 × 100 metres Relay, Mixed Youth (YOG)",1333
1692,"Rugby Sevens, Women (Olympic)",1334
1693,"Sprint, Girls (YOG)",1335
1694,"Relay, Mixed Youth (YOG)",1148
1695,"200 metres, Girls (YOG)",1336
1696,"Hammer Throw, Girls (YOG)",1337
1697,"2,000 metres Steeplechase, Girls (YOG)",1338
1698,"Featherweight, Women (Olympic)",75
1699,"≤52 kilograms, Girls (YOG)",1339
1700,"Rugby Sevens, Girls (YOG)",1340
1701,"≤70 kilograms, Freestyle, Girls (YOG)",1341
1702,"Hockey 5s, Girls (YOG)",1342
1703,">63 kilograms, Girls (YOG)",1343
1704,"High Jump, Girls (YOG)",1344
1705,"Single Sculls, Girls (YOG)",1345
1706,"1,500 metres, Girls (YOG)",1346
1707,"Air Pistol, 10 metres, Team, Mixed Youth (YOG)",1096
1708,"≤46 kilograms, Freestyle, Girls (YOG)",1347
1709,"Javelin Throw, Girls (YOG)",1348
1710,"Discus Throw, Girls (YOG)",1349
1711,"5,000 metres Race Walk, Girls (YOG)",1350
1712,"Individual, Girls (YOG)",1351
1713,"Team, Mixed Youth (YOG)",101
1714,"≤63 kilograms, Girls (YOG)",1352
1715,"Flyweight, Girls (YOG)",1353
1716,"Doubles, Mixed Youth (YOG)",16
1717,"Sabre, Individual, Girls (YOG)",1354
1718,"≤49 kilograms, Girls (YOG)",1355
1719,"Windsurfer, Girls (YOG)",1356
1720,"Doubles, Mixed Youth (YOG)",2
1721,"800 metres, Girls (YOG)",1357
1722,"Super-Heavyweight, Girls (YOG)",1358
1723,"Triple Jump, Girls (YOG)",1359
1724,"≤44 kilograms, Girls (YOG)",1360
1725,"Middleweight, Girls (YOG)",1361
1726,"Welterweight, Women (Olympic)",73
1727,"Épée, Individual, Girls (YOG)",1362
1728,"≤78 kilograms, Girls (YOG)",1363
1729,"2,000 metres Steeplechase, Boys (YOG)",1364
1730,"800 metres Freestyle, Boys (YOG)",1365
1731,"Rugby Sevens, Men (Olympic)",1334
1732,"Windsurfer, Boys (YOG)",1366
1733,"Volleyball, Boys (YOG)",1367
1734,"Super-Heavyweight, Boys (YOG)",1368
1735,"Shot Put, Boys (YOG)",1369
1736,"Individual, Boys (YOG)",1370
1737,"Coxless Pairs, Boys (YOG)",1371
1738,"Triple Jump, Boys (YOG)",1372
1739,"Light-Flyweight, Boys (YOG)",1373
1740,"400 metres Hurdles, Boys (YOG)",1374
1741,"Singles, Boys (YOG)",1375
1742,"Doubles, Boys (YOG)",1376
1743,"Individual, Open Youth (YOG)",1377
1744,"Team, Open Youth (YOG)",1378
1745,"≤100 kilograms, Boys (YOG)",1379
1746,"≤55 kilograms, Boys (YOG)",1380
1747,"Singles, Boys (YOG)",1381
1748,"Canoe Singles, Head to Head, Boys (YOG)",1382
1749,"Canoe Singles, Obstacle Slalom, Boys (YOG)",1383
1750,"Épée, Individual, Boys (YOG)",1384
1751,"Lightweight, Boys (YOG)",1385
1752,"≤76 kilograms, Freestyle, Boys (YOG)",1386
1753,"110 metres Hurdles, Boys (YOG)",1387
1754,"Heavyweight, Boys (YOG)",1388
1755,"≤81 kilograms, Boys (YOG)",1389
1756,"Kayak Singles, Head to Head, Boys (YOG)",1390
1757,"Kayak Singles, Obstacle Slalom, Boys (YOG)",1391
1758,"1,500 metres, Boys (YOG)",1392
1759,"≤85 kilograms, Greco Roman, Boys (YOG)",1393
1760,"One Person Dinghy, Boys (YOG)",1394
1761,"Handball, Boys (YOG)",1395
1762,"Rugby Sevens, Boys (YOG)",1396
1763,"Individual, Boys (YOG)",1397
1764,"≤100 kilograms, Freestyle, Boys (YOG)",1398
1765,"≤73 kilograms, Boys (YOG)",1399
1766,"≤66 kilograms, Boys (YOG)",1400
1767,"Discus Throw, Boys (YOG)",1401
1768,"Hammer Throw, Boys (YOG)",1402
1769,"Combined Team, Boys (YOG)",1403
1770,"Relay, Mixed Youth (YOG)",1404
1771,"Hockey 5s, Boys (YOG)",1405
1772,"≤48 kilograms, Boys (YOG)",1406
1773,"Sabre, Individual, Boys (YOG)",1407
1774,"Individual Time Trial, Men (Olympic)",1279
1775,"Sprint, Boys (YOG)",1408
1776,"10 kilometres, Boys (YOG)",1409
1777,"Cross, Boys (YOG)",1410
1778,Freestyle Skiing (Skiing),1411
1779,"Ski Cross, Boys (YOG)",1412
1780,"Slopestyle, Girls (YOG)",1413
1781,"Halfpipe, Girls (YOG)",1414
1782,"Team, Mixed Youth (YOG)",1133
1783,"Sprint, Girls (YOG)",1415
1784,"5 kilometres, Girls (YOG)",1416
1785,"Slopestyle, Girls (YOG)",1417
1786,"Doubles, Open Youth (YOG)",1418
1787,"Skeleton, Girls (YOG)",1419
1788,"6 and 7.5 kilometres Single Relay, Mixed Youth (YOG)",1420
1789,"Ski Cross, Girls (YOG)",1421
1790,"Cross, Girls (YOG)",1422
1791,"Pairs, Mixed Youth (YOG)",905
1792,"500 metres, Girls (YOG)",1423
1793,"Team Sprint, Mixed Youth (YOG)",1424
1794,"1,500 metres, Girls (YOG)",1425
1795,"Mass Start, Girls (YOG)",1426
1796,"500 metres, Boys (YOG)",1427
1797,"1,000 metres, Boys (YOG)",1428
1798,Mixed Sports,1429
1799,"Cross-Country Skiing / Ski Jumping / Nordic Combined Team, Mixed Youth (YOG)",1430
1800,"Cross-Country Skiing / Ski Jumping / Nordic Combined Team, Mixed Youth (YOG)",1431
1801,Ski Jumping (Skiing),1432
1802,"Normal Hill, Team, Mixed Youth (YOG)",1433
1803,Nordic Combined (Skiing),1434
1804,"Normal Hill / 5 km, Individual, Boys (YOG)",1435
1805,"Normal Hill, Individual, Boys (YOG)",1436
1806,"Ice Dancing, Mixed Youth (YOG)",995
1807,"Normal Hill, Individual, Boys (YOG)",1437
1808,"Cross, Boys (YOG)",1438
1809,"Freestyle/Snowboard Relay, Mixed Youth (YOG)",1439
1810,Snowboarding (Skiing),1440
1811,"Cross, Girls (YOG)",1441
1812,"3,000 metres, Girls (YOG)",1442
1813,"Doubles, Mixed Youth (YOG)",1443
1814,"Curling, Mixed Youth (YOG)",1128
1815,"Normal Hill, Individual, Girls (YOG)",1444
1816,"1,500 metres, Boys (YOG)",1445
1817,"3,000 metres, Boys (YOG)",1446
1818,"Mass Start, Boys (YOG)",1447
1819,"3,000 metres Relay, Mixed Youth (YOG)",1189
1820,"1,000 metres, Girls (YOG)",1448
1821,"500 metres, Boys (YOG)",1449
1822,"Skills Challenge, Girls (YOG)",1450
1823,"Monobob, Boys (YOG)",1451
1824,Freestyle Skiing (Skiing),1452
1825,"Ski Cross, Girls (YOG)",1453
1826,"Big Air, Girls (YOG)",1454
1827,"Skeleton, Boys (YOG)",1455
1828,"Longest time travelled (#2), Handicap, Open (Olympic (non-medal))",1456
1829,"Longest time travelled (#3), Open (Olympic (non-medal))",1457
1830,"Closest landing to target (#3), Combined, Open (Olympic (non-medal))",1458
1831,"Closest landing to target (#3), Intermediate stop, Open (Olympic (non-medal))",1459
1832,"Closest landing to target (#3), Final stop, Open (Olympic (non-medal))",1460
1833,Equestrian Driving (Equestrian),1461
1834,"Four-In-Hand Competition, Open (Olympic)",1462
1835,Mixed Sports,1463
1836,"Freestyle/Snowboard Relay, Mixed Youth (YOG)",1464
1837,"Sprint, Girls (YOG)",1465
1838,"Relay, Mixed Youth (YOG)",1466
1839,"Individual, Girls (YOG)",1467
1840,"Ski Cross, Boys (YOG)",1468
1841,"Ski Cross, Girls (YOG)",1469
1842,Mixed Sports,1470
1843,"Freestyle/Snowboard Relay, Mixed Youth (YOG)",1471
1844,"Monobob, Girls (YOG)",1472
1845,"10 kilometres, Girls (YOG)",1473
1846,"12.5 kilometres, Boys (YOG)",1474
1847,"Sprint, Girls (YOG)",1475
1848,"5 kilometres, Girls (YOG)",1476
1849,"Cross, Girls (YOG)",1477
1850,"Sprint, Boys (YOG)",1478
1851,"10 kilometres, Boys (YOG)",1479
1852,"Cross, Boys (YOG)",1480
1853,"Big Air, Boys (YOG)",1481
1854,"3-on-3 Ice Hockey, Boys (YOG)",1482
1855,"3-on-3 Ice Hockey, Girls (YOG)",1483
1856,"Ice Hockey, Boys (YOG)",1484
1857,3-on-3 Ice Hockey (Ice Hockey),1485
1858,"3-on-3 Ice Hockey, Girls (YOG)",1486
1859,"Doubles, Boys (YOG)",1487
1860,"Doubles, Girls (YOG)",1488
1861,"Normal Hill / 6 km, Individual, Boys (YOG)",1489
1862,"Normal Hill, Team, Mixed Youth (YOG)",1490
1863,"Normal Hill / 4 km, Individual, Girls (YOG)",1491
1864,"Normal Hill, Individual, Girls (YOG)",1492
1865,"Normal Hill, Team, Mixed Youth (YOG)",1151
1866,"Normal Hill / 4 km, Individual, Girls (YOG)",1493
1867,Mixed Sports,1494
1868,"Cross-Country Skiing / Ski Jumping / Nordic Combined Team, Mixed Youth (YOG)",1495
1869,Mixed Sports,1496
1870,"Cross-Country Skiing / Ski Jumping / Nordic Combined Team, Mixed Youth (YOG)",1497
1871,"Normal Hill / 6 km, Individual, Boys (YOG)",1498
1872,Mixed Sports,1499
1873,"Freestyle/Snowboard Relay, Mixed Youth (YOG)",1500
1874,"Big Air, Girls (YOG)",1501
1875,"Big Air, Boys (YOG)",1502
1876,"Cross, Girls (YOG)",1503
1877,"Sprint, Boys (YOG)",1504
1878,"Individual, Boys (YOG)",1505
1879,"Kumite, >61 kg, Women (Olympic)",1506
1880,"Shortboard, Men (Olympic)",1507
1881,"Park, Women (Olympic)",1508
1882,"Canadian Singles, 200 metres, Women (Olympic)",1147
1883,"Canadian Doubles, 500 metres, Women (Olympic)",149
1884,"Combined, Women (Olympic)",1509
1885,"Street, Women (Olympic)",1510
1886,"Park, Women (Olympic)",1323
1887,"Shortboard, Women (Olympic)",1507
1888,"Park, Men (Olympic)",1508
1889,"Combined, Men (Olympic)",1509
1890,"Kumite, ≤75 kg, Men (Olympic)",1511
1891,"Street, Men (Olympic)",1510
1892,"Kumite, ≤55 kg, Women (Olympic)",1512
1893,"Kumite, ≤67 kg, Men (Olympic)",1513
1894,"3x3 Basketball, Men (Olympic)",1514
1895,"Kumite, >75 kg, Men (Olympic)",1515
1896,"3x3 Basketball, Women (Olympic)",1514
1897,"Football, Girls (YOG)",1516
1898,"Kumite, ≤61 kg, Women (Olympic)",1517
1899,"Kata, Men (Olympic)",1518
1900,"Kata, Women (Olympic)",1518
1901,"Individual, Boys (YOG)",1519
1902,"Road Race, Individual, Men (Olympic)",1278
1903,"Normal Hill, Team, Mixed (Olympic)",1490
1904,"Combined, Boys (YOG)",1520
