ID,NOMBRE,ID_DEPORTE
1,Singles,1
2,Doubles,1
3,Singles,2
4,Doubles,2
5,"Singles, Handicap",1
6,"Doubles, Handicap",1
7,"Épée, Individual",3
8,Tennis,3
9,Doubles,3
10,"Doubles, Handicap",3
11,"Singles, Handicap",3
12,"Doubles, Covered Courts",1
13,"Singles, Covered Courts",1
14,Polo,1
15,Singles,4
16,Doubles,4
17,Team,2
18,Hockey,5
19,Tennis,5
20,Singles,5
21,Doubles,5
22,100 metres,6
23,400 metres,6
24,800 metres,6
25,110 metres Hurdles,6
26,High Jump,6
27,Pole Vault,6
28,Long Jump,6
29,Triple Jump,6
30,Tennis,6
31,Singles,6
32,Doubles,6
33,Swimming (Aquatics),1
34,100 metres Freestyle,1
35,500 metres Freestyle,1
36,"1,200 metres Freestyle",1
37,"Architecture, Open",7
38,Weightlifting,1
39,"Unlimited, Two Hands",1
40,Wrestling,1
41,"Unlimited Class, Greco-Roman",1
42,Athletics,1
43,Pole Vault,1
44,Long Jump,1
45,Shot Put,1
46,Individual,8
47,Team,8
48,Individual,9
49,Team,9
50,"Target Archery, 28 metres, Team",9
51,"Target Archery, 33 metres, Team",9
52,"Target Archery, 50 metres, Team",9
53,"Pole Archery, Small Birds, Individual",9
54,"Pole Archery, Large Birds, Individual",9
55,"Pole Archery, Small Birds, Team",9
56,"Pole Archery, Large Birds, Team",9
57,Sur La Perche À La Herse,9
58,"Au Chapelet, 33 metres",9
59,"Au Chapelet, 50 metres",9
60,"Au Cordon Doré, 33 metres",9
61,"Au Cordon Doré, 50 metres",9
62,Championnat Du Monde,9
63,"Target Archery, 28 metres, Individual",9
64,"Target Archery, 33 metres, Individual",9
65,"Target Archery, 50 metres, Individual",9
66,Continental Style,9
67,Double York Round,9
68,Sur La Perche À La Pyramide,9
69,"French Championship, Individual",9
70,Double National Round,9
71,"1,500 metres",6
72,Marathon,6
73,Welterweight,10
74,Light-Heavyweight,10
75,Featherweight,10
76,Light-Welterweight,10
77,Flyweight,10
78,Lightweight,10
79,Heavyweight,10
80,Bantamweight,10
81,Light-Flyweight,10
82,Middleweight,10
83,Light-Middleweight,10
84,Super-Heavyweight,10
85,Softball,11
86,Baseball,12
87,Double Columbia Round,9
88,Team Round,9
89,Flight Shooting,9
90,Double American Round,9
91,"8 metres, Open",13
92,Tennis,13
93,Singles,13
94,Doubles,13
95,"Singles, Covered Courts",13
96,"Doubles, Covered Courts",13
97,"Painting, Unknown Event, Open",7
98,Individual,14
99,Tennis,14
100,Doubles,14
101,Team,14
102,Singles,14
103,"Individual, Handicap",14
104,"Doubles, Handicap",14
105,"Singles, Handicap",14
106,Singles,15
107,"Long Jump, Handicap",1
108,Golf,1
109,Individual,1
110,Basketball,16
111,"Road Race, Individual",17
112,Handball,18
113,Australian Rules Football,19
114,"One Person Dinghy, Open",13
115,Decathlon,6
116,Four,20
117,Football (Football),10
118,Football,10
119,Athletics,10
120,100 yards,10
121,440 yards,10
122,"100 yards, Handicap",10
123,"220 yards, Handicap",10
124,"440 yards, Handicap",10
125,"Kayak Doubles, 500 metres",21
126,"Kayak Singles, 500 metres",21
127,"Kayak Fours, 1,000 metres",21
128,"Kayak Doubles, 1,000 metres",21
129,"Kayak Singles, 1,000 metres",21
130,"Kayak Singles, Slalom",22
131,"Kayak Fours, 500 metres",21
132,"Kayak Singles, 10,000 metres",23
133,"Canadian Singles, Slalom",22
134,Canoe Marathon (Canoeing),21
135,"Kayak Doubles, 10,000 metres",21
136,"Kayak Relay, 4 × 500 metres",21
137,"Canadian Doubles, Slalom",22
138,"Canadian Singles, 1,000 metres",21
139,"Canadian Singles, 10,000 metres",21
140,"Canadian Doubles, 1,000 metres",21
141,"Canadian Doubles, 10,000 metres",21
142,"Folding Kayak Doubles, 10,000 metres",21
143,"Folding Kayak Singles, 10,000 metres",21
144,"Kayak Doubles, 10,000 metres",23
145,"Kayak Singles, 10,000 metres",21
146,"Folding Kayak Singles, 10,000 metres",23
147,"Folding Kayak Doubles, 10,000 metres",23
148,"Canadian Singles, 500 metres",21
149,"Canadian Doubles, 500 metres",21
150,"Small-Bore Rifle, Prone, 50 metres, Open",24
151,"Canadian Doubles, 10,000 metres",23
152,"Canadian Singles, 10,000 metres",23
153,Single Sculls,25
154,"Team Pursuit, 4,000 metres",26
155,"Road Race, Team",17
156,100 kilometres Team Time Trial,17
157,Polo,27
158,Rugby,28
159,Eights,25
160,"Individual, Open",29
161,"Team, Open",29
162,"Team, Open",30
163,"Individual, Open",30
164,"Individual, Open",31
165,"Team, Open",31
166,Tug-Of-War,32
167,Lacrosse,33
168,"Hacks and Hunter Combined, Open",29
169,Springboard,34
170,Individual,31
171,Team,31
172,Individual,30
173,Team,30
174,Individual,29
175,Team,29
176,Equestrian Eventing (Equestrian),31
177,Winter Pentathlon,35
178,Equestrian Eventing (Equestrian),29
179,Individual,36
180,Team,36
181,"Four-In-Hand Competition, Open",37
182,Equestrian Dressage (Equestrian),31
183,"Sabre, Team",3
184,Equestrian Eventing (Equestrian),3
185,Individual,3
186,Team,3
187,"Long Jump, Open",31
188,"Hacks and Hunter Combined, Open",31
189,"High Jump, Open",31
190,Equestrian Eventing (Equestrian),8
191,Equestrian Driving (Equestrian),31
192,"Four-In-Hand Competition, Open",31
193,Equestrian Driving (Equestrian),29
194,"Four-In-Hand Competition, Open",29
195,Four/Five,20
196,"Sabre, Individual",3
197,20 kilometres,26
198,"Individual Pursuit, 4,000 metres",26
199,Sprint,26
200,Cycling Track (Cycling),17
201,Sprint,17
202,"1,000 metres Time Trial",17
203,Points Race,17
204,Cycling Mountain Bike (Cycling),17
205,Cross-Country,17
206,Cross-Country,38
207,Individual Pursuit,26
208,Points Race,26
209,Individual Time Trial,17
210,Individual Pursuit,17
211,Team Pursuit,17
212,500 metres Time Trial,26
213,Two,20
214,"3,000 metres",6
215,"3,000 metres",39
216,"5,000 metres",39
217,Team Pursuit (6 laps),39
218,Keirin,26
219,Team Sprint,26
220,"Individual Pursuit, 4,000 metres",17
221,"1,000 metres Time Trial",26
222,Madison,26
223,50 kilometres,26
224,"Team Pursuit, 4,000 metres",17
225,"Tandem Sprint, 2,000 metres",26
226,"Team Pursuit, 1,980 yards",26
227,"5,000 metres",26
228,100 kilometres,26
229,¼ mile,26
230,½ mile,26
231,5 miles,26
232,25 miles,26
233,"½ mile, Handicap",26
234,333⅓ metres Time Trial,17
235,100 kilometres,17
236,⅓ mile,26
237,1 mile,26
238,2 miles,26
239,"1 mile, Novice",26
240,"Tandem Sprint, 2,000 metres",17
241,333⅓ metres Time Trial,26
242,50 kilometres,17
243,Madison,17
244,Omnium,26
245,25 kilometres,26
246,Football,40
247,Cycling Track (Cycling),40
248,Sprint,40
249,Coxed Pairs (1 kilometre),25
250,Coxed Pairs (1 mile),25
251,Coxed Fours,25
252,Cycling Track (Cycling),25
253,Sprint,25
254,"5,000 metres",25
255,"10,000 metres",17
256,"1 mile, Handicap",26
257,"5 miles, Handicap",26
258,"5,000 metres",17
259,12-Hours Race,17
260,20 kilometres,17
261,12-Hours Race,26
262,Bicycle Polo,41
263,Athletics,17
264,4 × 100 metres Relay,17
265,18 kilometres,42
266,50 kilometres,42
267,Cycling Road (Cycling),3
268,"Road Race, Individual",3
269,Cycling Track (Cycling),3
270,333⅓ metres Time Trial,3
271,"10,000 metres",3
272,100 kilometres,3
273,12-Hours Race,3
274,4 × 400 metres Relay,6
275,Singles,43
276,Cricket,44
277,"Singles, One Ball, Open",45
278,"Doubles, Open",45
279,"Singles, Two Balls, Open",45
280,"Singles, Two Balls, Handicap",45
281,"A-Class (Open), Open",46
282,Tug-Of-War,28
283,Athletics,28
284,200 metres Hurdles,28
285,Discus Throw,28
286,Athletics,32
287,"Shot Put, Handicap",32
288,"Foil, Individual",3
289,"B-Class (Under 60 feet), Open",46
290,"C-Class, Open",46
291,Doubles,43
292,Racquets,15
293,Doubles,15
294,Wrestling,32
295,"Heavyweight, Greco-Roman",32
296,"Heavyweight, Freestyle",32
297,Tug-Of-War,10
298,100 metres,28
299,400 metres,28
300,Weightlifting,32
301,"Unlimited, Two Hands",32
302,Shot Put,6
303,Discus Throw,6
304,"Discus Throw, Greek Style",6
305,Pentathlon (Ancient),6
306,Weightlifting,6
307,"Unlimited, Two Hands",6
308,Driving Contest,14
309,Putting Contest,14
310,56-pound Weight Throw,32
311,"Shot Put, Handicap",6
312,Tug-Of-War,6
313,"Lightweight, Freestyle",32
314,"High Jump, Handicap",6
315,All-Around Dumbbell Contest,32
316,56-pound Weight Throw,6
317,Hammer Throw,6
318,"Discus Throw, Handicap",6
319,"Hammer Throw, Handicap",6
320,Javelin Throw,6
321,"Javelin Throw, Both Hands",6
322,4 × 100 metres Relay,6
323,Hockey,6
324,Athletics,5
325,"3,000 metres Steeplechase",5
326,"Foil, Team",3
327,"Épée, Team",3
328,100 metres Freestyle,47
329,500 metres Freestyle,47
330,"Sabre, Individual, Three Hits",3
331,"Sabre, Masters, Individual",3
332,Modern Pentathlon,3
333,"Foil, Individual, Open)",3
334,400 metres Freestyle,47
335,Water Polo (Aquatics),47
336,Water Polo,47
337,Water Polo (Aquatics),3
338,Water Polo,3
339,Hockey,3
340,Ice Hockey,48
341,"Foil, Masters, Individual",3
342,"Épée, Masters, Individual",3
343,"Épée, Masters and Amateurs, Individual",3
344,25 kilometres,3
345,"Literature, Open",7
346,"Free Pistol, 50 yards",24
347,"Small-Bore Rifle, 50 and 100 yards, Team",24
348,Athletics,3
349,"100 metres, Professionals",3
350,"400 metres, Professionals",3
351,"110 metres Hurdles, Professionals",3
352,"High Jump, Professionals",3
353,"Long Jump, Professionals",3
354,"Shot Put, Professionals",3
355,"100 metres, Professionals, Handicap",3
356,"400 metres, Professionals, Handicap",3
357,"High Jump, Professionals, Handicap",3
358,"Long Jump, Professionals, Handicap",3
359,"Shot Put, Professionals, Handicap",3
360,Rowing,3
361,Eights,3
362,"Painting, Paintings, Open",7
363,Shooting,3
364,"Dueling Pistol Au Commandement, 25 metres",3
365,"Dueling Pistol, 30 metres, Team",3
366,Swimming (Aquatics),3
367,100 metres Freestyle,3
368,Fencing,3
369,"Trap, Team",24
370,"Three Person Keelboat, Open",13
371,Fencing,8
372,"Épée, Team",8
373,"Painting, Drawings And Water Colors, Open",7
374,"Painting, Graphic Arts, Open",7
375,"Painting, Applied Arts, Open",7
376,Art Competitions,3
377,"Painting, Graphic Arts, Open",3
378,"Sabre, Individual",8
379,"Foil, Individual, Boys)",3
380,"Single Sticks, Individual",3
381,200 metres,6
382,Platform,34
383,Synchronized Platform,34
384,Athletics,40
385,110 metres Hurdles,40
386,Bandy,49
387,120 yards Hurdles,40
388,"440 yards, Boys)",40
389,Individual All-Around,50
390,Floor Exercise,50
391,Horse Vault,50
392,Uneven Bars,50
393,Balance Beam,50
394,Team All-Around,50
395,Individual,51
396,Team Portable Apparatus,50
397,Group,51
398,Parallel Bars,50
399,Horizontal Bar,50
400,Rings,50
401,Pommelled Horse,50
402,"Individual All-Around, Field Sports",50
403,"Individual All-Around, Apparatus Work",50
404,"Team All-Around, Swedish System",50
405,Featherweight,52
406,"Team All-Around, Free System",50
407,Rope Climbing,50
408,Side Horse,50
409,"6 metres, Open",13
410,Artistic Gymnastics (Gymnastics),40
411,"Team All-Around, Free System",40
412,"Architecture, Open)",7
413,"Free Rifle, Three Positions, 300 metres",24
414,"Free Rifle, Three Positions, 300 metres, Team",24
415,"Military Rifle, Prone, 300 metres, Team",24
416,"Military Rifle, Prone, 600 metres",24
417,"Military Rifle, Prone, 600 metres, Team",24
418,"Military Rifle, Standing, 300 metres",24
419,"Military Rifle, Standing, 300 metres, Team",24
420,"Military Rifle, Prone, 300 and 600 metres, Team",24
421,"Running Target, Single Shot, Team",24
422,"Running Target, Double Shot, Team",24
423,"Running Target, Single Shot",24
424,"Running Target, Double Shot",24
425,"26th Federal Festival, Society and Association Contests, Non-Simultaneous, National Championships",50
426,"Individual All-Around, 5 Events",50
427,"Festival for Societies of the Seine, Artistic, Individual",50
428,"Festival for Societies of the Seine, Individual (#2)",50
429,"Festival for Societies of the Seine, Advanced",50
430,"Lightweight, Greco-Roman",53
431,"Parallel Bars, Teams",50
432,"Horizontal Bar, Teams",50
433,Athletics,50
434,High Jump,50
435,Shot Put,50
436,100 metres,50
437,Pole Vault,50
438,Long Jump,50
439,Triple Jump,50
440,Artistic Gymnastics (Gymnastics),6
441,Rope Climbing,6
442,Standing Long Jump,6
443,Individual All-Around,6
444,"Individual All-Around, 5 Events",6
445,Team All-Around,6
446,Cycling Road (Cycling),50
447,"Road Race, Individual",50
448,Shooting,50
449,"Military Pistol, 25 metres",50
450,"Military Rifle, 200 metres",50
451,Tumbling,50
452,Decathlon,50
453,Club Swinging,50
454,Plain High,34
455,Artistic Gymnastics (Gymnastics),34
456,"Team All-Around, Free System",34
457,Standing Long Jump,50
458,Javelin Throw,50
459,Standing High Jump,6
460,400 metres,50
461,Discus Throw,50
462,"Javelin Throw, Freestyle",32
463,Fencing,50
464,"Sabre, Individual",50
465,110 metres Hurdles,50
466,Tug-Of-War,34
467,Artistic Gymnastics (Gymnastics),3
468,Team All-Around,3
469,"Individual All-Around, 4 Events",50
470,Combined,54
471,Cross Country Skiing (Skiing),54
472,4 × 10 kilometres Relay,54
473,Half-Middleweight,55
474,Lightweight,55
475,Heavyweight,55
476,Half-Heavyweight,55
477,Extra-Lightweight,55
478,Middleweight,55
479,Half-Lightweight,55
480,"Heavyweight, Freestyle",53
481,Open Class,55
482,"Welterweight, Greco-Roman",53
483,"Welterweight, Freestyle",53
484,Shooting,8
485,"Rapid-Fire Pistol, 25 metres",8
486,Military Ski Patrol,56
487,"Sabre, Team",8
488,Individual,57
489,"Épée, Individual",8
490,Athletics,8
491,Pole Vault,8
492,Swimming (Aquatics),8
493,200 metres Breaststroke,8
494,400 metres Breaststroke,8
495,"Rapid-Fire Pistol, 25 metres",24
496,Modern Pentathlon,31
497,Double Sculls,25
498,Coxless Pairs,25
499,Lightweight Double Sculls,25
500,Coxless Fours,25
501,Coxed Pairs,25
502,Quadruple Sculls,25
503,Lightweight Coxless Fours,25
504,"Coxed Fours, Outriggers",25
505,"Coxless Fours, Boys)",25
506,"Eights, Boys)",25
507,Rowing,10
508,Eights,10
509,"Coxless Pairs, Boys)",25
510,"Literature, Lyric Works, Open",7
511,Water Polo,58
512,Water Polo (Aquatics),25
513,Water Polo,25
514,Coxed Quadruple Sculls,25
515,"Coxed Fours, Inriggers",25
516,Savate,59
517,"Single Sculls, Association",25
518,200 metres Breaststroke,47
519,"Sculpturing, Medals And Reliefs, Open",7
520,"Sculpturing, Statues, Open",7
521,"Sculpturing, Unknown Event, Open",7
522,Art Competitions,25
523,"Painting, Graphic Arts, Open",25
524,"Coxless Fours, Intermediate",25
525,"Coxless Pairs, Intermediate",25
526,"Two Person Keelboat, Open",13
527,"Double Sculls, Intermediate",25
528,"Eights, Intermediate",25
529,"Air Rifle, 10 metres",24
530,"Trap, Open",24
531,Trap,24
532,Double Trap,24
533,"Air Pistol, 10 metres",24
534,"Sporting Pistol, 25 metres",24
535,"Free Pistol, 50 metres, Open",24
536,"Small-Bore Rifle, Three Positions, 50 metres",24
537,"Free Pistol, 50 metres",24
538,"Small-Bore Rifle, Prone, 50 metres",24
539,"Rapid-Fire Pistol, 25 metres, Open",24
540,"Small-Bore Rifle, Three Positions, 50 metres, Open",24
541,Skeet,24
542,"Running Target, 50 metres, Open",24
543,"Skeet, Open",24
544,"Running Target, Single and Double Shot",24
545,"Small-Bore Rifle, Prone, 50 and 100 yards",24
546,"Small-Bore Rifle, Disappearing Target, 25 yards",24
547,"Small-Bore Rifle, Moving Target, 25 yards",24
548,"Running Target, 50 metres",24
549,"Running Target, 10 metres",24
550,1 mile Freestyle,47
551,4 × 250 metres Freestyle Relay,47
552,"Free Pistol, 50 metres",8
553,"Dueling Pistol, 30 metres",8
554,"Military Rifle, Three Positions, 300 metres",24
555,"Military Rifle, Any Position, 600 metres",24
556,"Dueling Pistol, 30 metres",24
557,"Military Revolver, 1873-1874 Gras Model, 20 metres",24
558,"Military Revolver, 20 metres",24
559,Dueling Pistol Au Visé 20 metres,24
560,"Dueling Pistol Au Commandement, 25 metres",24
561,"Free Rifle, Any Position, 300 metres",24
562,"Military Rifle, 1873-1874 Gras Model, Kneeling Or Standing, 200 metres",24
563,"Military Rifle, Kneeling Or Standing, 300 metres",24
564,"Free Pistol, 50 metres, Team",24
565,"Free Rifle, Prone, 600 metres",24
566,"Free Rifle, 400, 600 and 800 metres, Team",24
567,"Small-Bore Rifle, Standing, 50 metres",24
568,"Smal-Bore Rifle, Standing, 50 metres, Team",24
569,"Military Pistol, Team",24
570,"Free Rifle, Kneeling, 300 metres",24
571,"Free Rifle, Prone, 300 metres",24
572,"Free Rifle, Standing, 300 metres",24
573,"Free Pistol, 50 yards, Team",24
574,"Military Pistol, 30 metres",24
575,"Free Rifle, 1,000 yards",24
576,"Military Rifle, 200/500/600/800/900/1,000 yards, Team",24
577,"Free Rifle, Three Positions, 300 metres, Open",24
578,"Military Rifle, Prone, 300 metres",24
579,"Military Rifle, 200, 400, 500 and 600 metres, Team",24
580,"Small-Bore Rifle, Prone, 50 metres, Team",24
581,"Small-Bore Rifle, Any Position, 50 metres",24
582,"Small-Bore Rifle, Disappearing Target, 25 metres",24
583,Shooting,6
584,"Free Rifle, Any Position, 300 metres",6
585,"Military Rifle, 200 metres",6
586,"Unlimited, One Hand",6
587,"Rapid-Fire Pistol, 25 metres",3
588,Skeleton,60
589,"Free Pistol, 25 metres",24
590,"Trap, Single Shot, 16 metres",24
591,"Trap, Double Shot, 14 metres",24
592,"Dueling Pistol, 30 metres, Team",24
593,Trap,3
594,"26th Federal Festival, Society and Association Contests, Non-Simultaneous, Shooting Championships, Honorary Members and Associates",50
595,"Free Pistol, 50 metres, Team",8
596,"Dueling Pistol, 30 metres, Team",8
597,"Military Pistol, 25 metres",24
598,"Muzzle-Loading Pistol, 25 metres",24
599,"Military Rifle, 200 metres",24
600,"Small-Bore Rifle, Disappearing Target, 25 metres, Team",24
601,"Free Pistol, 30 metres",24
602,17-Man Naval Rowing Boats,25
603,Team,61
604,"Architecture, Further Entries, Open",7
605,Fencing,24
606,"Sabre, Individual",24
607,"Rapid-Fire Pistol, 25 metres",6
608,"Small-Bore Rifle, Prone, 50 metres",6
609,"Free Pistol, 50 yards",3
610,"Free Pistol, 50 yards, Team",3
611,"Small-Bore Rifle, 50 and 100 yards, Team",3
612,"Small-Bore Rifle, Disappearing Target, 25 yards",3
613,"Small-Bore Rifle, Moving Target, 25 yards",3
614,"Free Pistol, 50 metres",3
615,"Free Pistol, 50 metres, Team",3
616,"Dueling Pistol, 30 metres",3
617,"Small-Bore Rifle, Any Position, 50 metres",3
618,"Small-Bore Rifle, Prone, 50 metres, Team",3
619,"Small-Bore Rifle, Disappearing Target, 25 metres",3
620,"Small-Bore Rifle, Disappearing Target, 25 metres, Team",3
621,Art Competitions,24
622,"Sculpturing, Open",24
623,100 metres Backstroke,47
624,Solo,61
625,Duet,61
626,50 metres Freestyle,47
627,200 metres Freestyle,47
628,100 metres Breaststroke,47
629,4 × 200 metres Freestyle Relay,47
630,"1,500 metres Freestyle",47
631,100 metres Butterfly,47
632,200 metres Butterfly,47
633,200 metres Individual Medley,47
634,4 × 100 metres Medley Relay,47
635,400 metres Individual Medley,47
636,800 metres Freestyle,47
637,4 × 100 metres Freestyle Relay,47
638,200 metres Backstroke,47
639,Swimming (Aquatics),34
640,100 metres Freestyle,34
641,300 metres Freestyle,34
642,Synchronized Springboard,34
643,Diving (Aquatics),10
644,Springboard,10
645,Swimming (Aquatics),10
646,100 metres Freestyle,10
647,400 metres Freestyle,10
648,"1,500 metres Freestyle",10
649,4 × 200 metres Freestyle Relay,10
650,"1,000 metres Freestyle",47
651,200 metres Obstacle Course,47
652,Wrestling,34
653,"Welterweight, Freestyle",34
654,400 metres Breaststroke,47
655,"1,200 metres Freestyle",47
656,Swimming (Aquatics),58
657,100 metres Freestyle,58
658,400 metres Freestyle,58
659,440 yards Freestyle,47
660,880 yards Freestyle,47
661,200 metres Freestyle,58
662,"1,000 metres Freestyle",58
663,"4,000 metres Freestyle",58
664,4 × 200 metres Freestyle Relay,34
665,100 metres Backstroke,34
666,Rowing,47
667,Swimming (Aquatics),50
668,100 metres Freestyle,50
669,4 × 200 metres Freestyle Relay,50
670,200 metres Breaststroke,50
671,Underwater Swimming,47
672,Fencing,6
673,"Foil, Individual",6
674,"Sabre, Individual",6
675,"Free Pistol, 30 metres",6
676,"Military Pistol, 25 metres",6
677,"Muzzle-Loading Pistol, 25 metres",6
678,Swimming (Aquatics),6
679,100 metres Freestyle,6
680,500 metres Freestyle,6
681,"1,200 metres Freestyle",6
682,4 × 200 metres Freestyle Relay,58
683,Modern Pentathlon,34
684,Individual,34
685,Art Competitions,34
686,"Architecture, Designs For Town Planning, Open",34
687,300 metres Freestyle,47
688,"4,000 metres Freestyle",47
689,200 metres Team Swimming,47
690,Parallel Bars,6
691,Team All-Around,34
692,4 × 250 metres Freestyle Relay,34
693,50 yards Freestyle,47
694,4 × 50 yards Freestyle Relay,47
695,100 yards Backstroke,47
696,440 yards Breaststroke,47
697,50 yards Freestyle,34
698,100 yards Freestyle,34
699,440 yards Freestyle,34
700,4 × 50 yards Freestyle Relay,34
701,100 yards Backstroke,34
702,440 yards Breaststroke,34
703,400 metres Freestyle,34
704,1 mile Freestyle,34
705,100 yards Freestyle,47
706,220 yards Freestyle,47
707,200 metres Team Swimming,58
708,100 metres Freestyle For Sailors,47
709,"440 yards, Handicap",47
710,"1,500 metres Freestyle",34
711,Olympic Distance,62
712,200 metres Breaststroke,34
713,4 × 100 metres Freestyle Relay,34
714,Water Polo (Aquatics),34
715,Water Polo,34
716,Diving (Aquatics),6
717,Platform,6
718,"1,500 metres Freestyle",58
719,Plunge For Distance,47
720,"880 yards, Handicap",47
721,"220 yards, Handicap",47
722,"1 mile, Handicap",47
723,"880 yards, Handicap",34
724,"100 yards, Handicap",47
725,Beach Volleyball,63
726,Volleyball,64
727,100 metres Backstroke,58
728,200 metres Breaststroke,58
729,200 metres Backstroke,58
730,200 metres Obstacle Course,58
731,Water Polo (Aquatics),40
732,Water Polo,40
733,Football (Football),47
734,Football,47
735,Bantamweight,52
736,Middle-Heavyweight,52
737,Lightweight,52
738,Middleweight,52
739,Light-Heavyweight,52
740,Heavyweight II,52
741,Heavyweight I,52
742,Heavyweight,52
743,Super-Heavyweight,52
744,Flyweight,52
745,Wrestling,52
746,"Light-Heavyweight, Freestyle",52
747,"Unlimited, One Hand",52
748,"Light-Heavyweight, Freestyle",53
749,"Lightweight, Freestyle",53
750,20 kilometres Race Walk,6
751,"Featherweight, Greco-Roman",53
752,Athletics,52
753,4 × 100 metres Relay,52
754,"Unlimited, Two Hands",52
755,All-Around Dumbbell Contest,52
756,"Featherweight, Freestyle",53
757,"Light-Flyweight, Freestyle",53
758,"Bantamweight, Freestyle",53
759,"Flyweight, Freestyle",53
760,"Middleweight, Freestyle",53
761,"Bantamweight, Greco-Roman",53
762,"Middleweight, Greco-Roman",53
763,"Super-Heavyweight, Greco-Roman",53
764,"Super-Heavyweight, Freestyle",53
765,"Heavyweight, Greco-Roman",53
766,"Light-Heavyweight, Greco-Roman",53
767,"Flyweight, Greco-Roman",53
768,"Middleweight B, Greco-Roman",53
769,"Middleweight A, Greco-Roman",53
770,"Light-Flyweight, Greco-Roman",53
771,"Heavyweight, Greco-Roman",52
772,High Jump,52
773,Standing High Jump,52
774,Pole Vault,52
775,Long Jump,52
776,Standing Long Jump,52
777,Triple Jump,52
778,"All-Around, Greco-Roman",53
779,"Unlimited Class, Greco-Roman",53
780,Glíma,53
781,Glíma,65
782,Athletics,53
783,"880 yards, Handicap",53
784,Rowing,53
785,"Double Sculls, Intermediate",53
786,"Shot Put, Handicap",53
787,Two Person Dinghy,13
788,Windsurfer,13
789,One Person Dinghy,13
790,"Multihull, Open",13
791,Three Person Keelboat,13
792,"Two Person Dinghy, Open",13
793,"5.5 metres, Open",13
794,"7 metres, Open",13
795,"Two Person Heavyweight Dinghy, Open",13
796,One Person Heavyweight Dinghy,13
797,"Windsurfer, Open",13
798,"Open, Open",13
799,"1-2 Ton, Open",13
800,"12 metres, Open",13
801,"40 metres², Open",13
802,"10 metres, Open",13
803,"½-1 Ton, Open",13
804,"Music, Compositions For Orchestra, Open",7
805,Two Person Keelboat,13
806,"30 metres², Open",13
807,"12 foot, Open",13
808,"10-20 Ton, Open",13
809,"2-3 Ton, Open",13
810,"Skiff, Open",13
811,"0-½ Ton, Open",13
812,"20+ Ton, Open",13
813,"6.5 metres, Open",13
814,"3-10 Ton, Open",13
815,Multihull,13
816,400 metres Hurdles,6
817,Heptathlon,6
818,"3,000 metres Steeplechase",6
819,"5,000 metres",6
820,50 kilometres Race Walk,6
821,"10,000 metres",6
822,100 metres Hurdles,6
823,80 metres Hurdles,6
824,10 kilometres Race Walk,6
825,Pentathlon,6
826,5 miles,6
827,10 miles Race Walk,6
828,Boxing,6
829,Lightweight,6
830,"100 yards, Handicap",6
831,"120 yards Hurdles, Handicap",6
832,"3,500 metres Race Walk",6
833,"Cross-Country, Individual",6
834,"3,000 metres Race Walk",6
835,60 metres,6
836,"100 metres, Handicap",6
837,Athletics,6
838,"5,000 metres, Team",6
839,"Discus Throw, Both Hands",6
840,"2,500 metres Steeplechase",6
841,"2,500 metres Steeplechase, Handicap",6
842,"3,200 metres Steeplechase",6
843,"3,000 metres, Team",6
844,"Cross-Country, Team",6
845,Standing Triple Jump,6
846,"Javelin Throw, Freestyle",6
847,Wrestling,6
848,"Light-Heavyweight, Greco-Roman",6
849,"1,600 metres Medley Relay",6
850,"1 mile, Handicap",6
851,"56-pound Weight Throw, Handicap",6
852,"Pole Vault, Handicap",6
853,Heavyweight,6
854,200 metres Hurdles,6
855,"4,000 metres Steeplechase",6
856,"1,500 metres, Handicap",6
857,"440 yards, Handicap",6
858,"880 yards, Handicap",6
859,"800 metres, Handicap",6
860,Athletics,47
861,Shot Put,47
862,Discus Throw,47
863,"Shot Put, Both Hands",6
864,Stone Throw,6
865,20 kilometres,66
866,Pentathlon,50
867,"3 miles, Team",6
868,Rugby (Rugby),6
869,Rugby,6
870,"110 metres Hurdles, Handicap",6
871,"400 metres, Handicap",6
872,"4 miles, Team",6
873,"Doubles, Handicap",6
874,"Heavyweight, Greco-Roman",6
875,"400 metres Hurdles, Handicap",6
876,"Heavyweight, Freestyle",6
877,Shot Put,53
878,Discus Throw,53
879,"2,590 metres Steeplechase",6
880,"Unlimited Class, Greco-Roman",6
881,120 yards Hurdles,6
882,All-Around Championship,6
883,Ski Jumping (Skiing),42
884,"Large Hill, Individual",42
885,Nordic Combined (Skiing),42
886,Individual,42
887,Horse Vault,6
888,"Parallel Bars, Teams",6
889,Horizontal Bar,6
890,"Horizontal Bar, Teams",6
891,Rings,6
892,Pommelled Horse,6
893,Football (Football),6
894,Football,6
895,Basketball (Basketball),6
896,Basketball,6
897,"1,500 metres Race Walk",6
898,100 metres Backstroke,6
899,200 metres Breaststroke,6
900,"Long Jump, Handicap",6
901,"Literature, Dramatic Works, Open",7
902,Glíma,6
903,4 × 10 kilometres Relay,42
904,"6-hour race, Professionals",6
905,Pairs,67
906,15 kilometres,42
907,30 kilometres,42
908,1 mile,6
909,Art Competitions,6
910,"Literature, Epic Works, Open",6
911,Marathon,50
912,"Discus Throw, Greek Style",50
913,Pentathlon (Ancient),50
914,Baseball (Baseball/Softball),6
915,Baseball,6
916,440 yards,6
917,880 yards,6
918,100 yards,6
919,2 miles,6
920,"5 miles, Boys)",6
921,220 yards,6
922,"120 yards Hurdles, Boys)",6
923,"1 mile, Boys)",6
924,Special Scratch Pole Vault #2,6
925,"Individual All-Around, Field Sports",6
926,"Individual All-Around, Apparatus Work",6
927,"60 yards, Handicap",6
928,"1 mile, Team, Handicap",6
929,"2 miles, Handicap",6
930,"220 yards, Handicap",6
931,"100 yards, Boys)",6
932,220 yards Hurdles,6
933,"Pole Vault, Boys)",6
934,"880 yards, Boys)",6
935,"Middleweight, Greco-Roman",6
936,"Sculpturing, Open",7
937,"Military Rifle, Kneeling Or Standing, 300 metres",6
938,400 metres Freestyle,50
939,1 mile Freestyle,50
940,"Middleweight, Greco-Roman",32
941,"Unlimited, One Hand",32
942,Cycling Track (Cycling),53
943,Sprint,53
944,20 kilometres,53
945,Tennis,40
946,Singles,40
947,Doubles,40
948,"26th Federal Festival, Society and Association Contests, Non-Simultaneous, Olympic Championships, Individual",50
949,Discus Throw,32
950,"Discus Throw, Greek Style",32
951,Wrestling,50
952,"Lightweight, Greco-Roman",50
953,6-Man Naval Rowing Boats,25
954,Cycling Track (Cycling),50
955,"Tandem Sprint, 2,000 metres",50
956,Coxed Fours,3
957,Rowing,40
958,6-Man Naval Rowing Boats,40
959,100 metres,40
960,Rowing,50
961,Coxed Fours,50
962,Shooting,25
963,"Free Pistol, 25 metres",25
964,"Free Pistol, 50 metres",25
965,"Military Revolver, 1873-1874 Gras Model, 20 metres",25
966,"Military Revolver, 20 metres",25
967,Rowing,25
968,High Jump,1
969,Two-Man Teams With Cesta,68
970,"Festival for Societies of the Seine, Olympic Competition, Individual",50
971,Coxed Fours,40
972,Fencing,40
973,"Foil, Individual",40
974,Singles,69
975,Slalom,54
976,5 kilometres,42
977,10 kilometres,42
978,20 kilometres,42
979,Singles,67
980,3 × 5 kilometres Relay,42
981,7.5 kilometres Sprint,66
982,15 kilometres,66
983,3 × 7.5 kilometres Relay,66
984,4 × 7.5 kilometres Relay,66
985,"1,500 metres",39
986,Downhill,54
987,Giant Slalom,54
988,5/10 kilometres Pursuit,42
989,4 × 5 kilometres Relay,42
990,5/5 kilometres Pursuit,42
991,"1,000 metres",39
992,"3,000 metres Relay",70
993,10 kilometres Pursuit,66
994,4 × 6 kilometres Relay,66
995,Ice Dancing,67
996,500 metres,39
997,Super G,54
998,500 metres,70
999,"1,000 metres",70
1000,"1,500 metres",70
1001,"3,000 m",70
1002,Moguls,71
1003,Cross Country Skiing (Skiing),66
1004,5 kilometres,66
1005,5/10 kilometres Pursuit,66
1006,Aerials,71
1007,Ballet,71
1008,12.5 kilometres Mass Start,66
1009,Individual,72
1010,Sprint,42
1011,Sprint,66
1012,Ski Cross,71
1013,30 kilometres,66
1014,15 kilometres Skiathlon,42
1015,Team Sprint,42
1016,Mass Start,39
1017,4 × 5 kilometres Relay,66
1018,Team,57
1019,10 kilometres Sprint,66
1020,"Large Hill, Individual",73
1021,"Normal Hill, Individual",73
1022,"Large Hill, Team",73
1023,"5,000 metres Relay",70
1024,10/15 kilometres Pursuit,42
1025,Curling,20
1026,"Doubles, Open",69
1027,10/10 kilometres Pursuit,42
1028,Luge,20
1029,Singles,20
1030,10 kilometres,66
1031,10/15 kilometres Pursuit,66
1032,4 × 10 kilometres Relay,66
1033,"10,000 metres",39
1034,Allround,39
1035,30 kilometres Skiathlon,42
1036,Military Ski Patrol (Skiing),42
1037,Military Ski Patrol,42
1038,Ski Jumping (Skiing),54
1039,"Large Hill, Individual",54
1040,Ice Hockey Exhibition,48
1041,18 kilometres,54
1042,Nordic Combined (Skiing),54
1043,Individual,54
1044,Ski Jumping (Skiing),57
1045,"Large Hill, Individual",57
1046,Skeleton (Bobsleigh),20
1047,Skeleton,20
1048,Nordic Combined (Skiing),56
1049,Individual,56
1050,Ski Jumping (Skiing),56
1051,"Large Hill, Individual",56
1052,12.5 kilometres Pursuit,66
1053,15 kilometres Mass Start,66
1054,2 × 6 kilometres and 2 × 7.5 kilometres Relay,66
1055,Cross Country Skiing (Skiing),57
1056,18 kilometres,57
1057,Team Pursuit (8 laps),39
1058,Special Figures,67
1059,"Large Hill, Team",57
1060,50 kilometres,54
1061,Cross Country Skiing (Skiing),48
1062,50 kilometres,48
1063,Ski Jumping (Skiing),48
1064,"Large Hill, Individual",48
1065,Military Ski Patrol (Skiing),57
1066,Military Ski Patrol,57
1067,"Normal Hill, Individual",57
1068,Speed Skating (Skating),48
1069,500 metres,48
1070,"1,500 metres",48
1071,"5,000 metres",48
1072,Allround,48
1073,Ice Hockey (Ice Hockey),20
1074,Ice Hockey,20
1075,Ice Hockey (Ice Hockey),39
1076,Ice Hockey,39
1077,Bobsleigh (Bobsleigh),54
1078,Four,54
1079,Team Relay,69
1080,Alpine Skiing (Skiing),73
1081,Combined,73
1082,50 kilometres,66
1083,15 kilometres,54
1084,Sprint,57
1085,"Normal Hill / 10 km, Individual",57
1086,"Large Hill / 10 km, Individual",57
1087,Cross Country Skiing (Skiing),56
1088,50 kilometres,56
1089,30 kilometres,54
1090,"Sculpturing, Medals, Open",7
1091,"Kayak Singles, 200 metres",21
1092,"Kayak Doubles, 200 metres",21
1093,BMX,74
1094,Individual,75
1095,Team,42
1096,"Air Pistol, 10 metres, Team",24
1097,Marathon Swimming (Aquatics),47
1098,10 kilometres Open Water,47
1099,10 kilometres Open Water,76
1100,Featherweight,77
1101,Flyweight,77
1102,Welterweight,77
1103,Finweight,77
1104,Heavyweight,77
1105,Lightweight,77
1106,Bantamweight,77
1107,Middleweight,77
1108,Athletics,62
1109,"10,000 metres",62
1110,Alpine Skiing (Skiing),42
1111,Combined,42
1112,Nordic Combined (Skiing),73
1113,Individual,73
1114,Football (Football),48
1115,Football,48
1116,"10,000 metres",48
1117,Alpine Skiing (Skiing),20
1118,Giant Slalom,20
1119,50 kilometres,57
1120,Skijoring (Skiing),48
1121,Ski Joring,48
1122,Two,54
1123,Giant Slalom,78
1124,Parallel Giant Slalom,78
1125,Cross,78
1126,Parallel Slalom,78
1127,Halfpipe,78
1128,Curling,79
1129,"18 foot, Open",13
1130,Slopestyle,78
1131,10/10 kilometres Pursuit,66
1132,Team,67
1133,Team,54
1134,"Four, Open",20
1135,High Jump,47
1136,Standing High Jump,47
1137,Pole Vault,47
1138,"High Jump, Handicap",47
1139,"Pole Vault, Handicap",47
1140,Plunge For Distance,58
1141,"220 yards, Handicap",58
1142,"1 mile, Handicap",58
1143,Singles,80
1144,Unknown Event,24
1145,Skiff,13
1146,"Air Rifle, 10 metres, Team",24
1147,"Canadian Singles, 200 metres",21
1148,Relay,62
1149,Team Pursuit,26
1150,Keirin,17
1151,"Normal Hill, Team",73
1152,"2,000 metres Relay",70
1153,Big Air,78
1154,Team Cross,78
1155,"Individual, Girls (YOG)",9
1156,"50 metres Freestyle, Girls (YOG)",47
1157,"100 metres Freestyle, Girls (YOG)",47
1158,"200 metres Freestyle, Girls (YOG)",47
1159,"4 × 100 metres Freestyle Relay, Girls (YOG)",47
1160,"4 × 100 metres Medley Relay, Girls (YOG)",47
1161,Team,55
1162,Team Sprint,17
1163,Cycling Mountain Bike (Cycling),26
1164,Cross-Country,26
1165,"50 metres Freestyle, Boys (YOG)",47
1166,"100 metres Freestyle, Boys (YOG)",47
1167,"200 metres Freestyle, Boys (YOG)",47
1168,"100 metres Backstroke, Boys (YOG)",47
1169,"200 metres Individual Medley, Boys (YOG)",47
1170,"50 metres Backstroke, Girls (YOG)",47
1171,"100 metres Backstroke, Girls (YOG)",47
1172,"200 metres Breaststroke, Girls (YOG)",47
1173,"200 metres Individual Medley, Girls (YOG)",47
1174,"400 metres Freestyle, Girls (YOG)",47
1175,"200 metres Butterfly, Girls (YOG)",47
1176,"100 metres Butterfly, Boys (YOG)",47
1177,"200 metres Butterfly, Boys (YOG)",47
1178,"Springboard, Girls (YOG)",34
1179,"Platform, Girls (YOG)",34
1180,"Springboard, Boys (YOG)",34
1181,"50 metres Breaststroke, Girls (YOG)",47
1182,"100 metres Breaststroke, Girls (YOG)",47
1183,"100 metres Butterfly, Girls (YOG)",47
1184,Team Sprint,66
1185,Monobob,20
1186,Mixed Doubles,79
1187,Team Aerials,71
1188,Short Track Speed Skating (Skating),39
1189,"3,000 metres Relay",39
1190,"10,000 metres Race Walk, Boys (YOG)",6
1191,"Foil, Individual, Girls (YOG)",3
1192,"Mixed Weapon, Team",3
1193,"100 metres Hurdles, Girls (YOG)",6
1194,"Air Rifle, 10 metres, Girls (YOG)",24
1195,"50 metres Breaststroke, Boys (YOG)",47
1196,"100 metres Breaststroke, Boys (YOG)",47
1197,"Long Jump, Girls (YOG)",6
1198,"200 metres, Boys (YOG)",6
1199,"Medley Relay, Boys (YOG)",6
1200,"100 metres, Boys (YOG)",6
1201,"50 metres Butterfly, Girls (YOG)",47
1202,"Kayak Singles, Head to Head, Girls (YOG)",21
1203,"Kayak Singles, Obstacle Slalom, Girls (YOG)",21
1204,"Group, Girls (YOG)",51
1205,"Singles, Girls (YOG)",2
1206,"Individual All-Around, Girls (YOG)",50
1207,"Floor Exercise, Girls (YOG)",50
1208,"Vault, Girls (YOG)",50
1209,"Uneven Bars, Girls (YOG)",50
1210,"Balance Beam, Girls (YOG)",50
1211,"Singles, Boys (YOG)",2
1212,"200 metres Breaststroke, Boys (YOG)",47
1213,"Pole Vault, Girls (YOG)",6
1214,"200 metres Backstroke, Boys (YOG)",47
1215,"Lightweight, Boys (YOG)",10
1216,"400 metres Hurdles, Girls (YOG)",6
1217,"≤63 kilograms, Girls (YOG)",55
1218,"Long Jump, Boys (YOG)",6
1219,"≤55 kilograms, Girls (YOG)",77
1220,"Air Rifle, 10 metres, Boys (YOG)",24
1221,"100 metres, Girls (YOG)",6
1222,"Platform, Boys (YOG)",34
1223,"200 metres Backstroke, Girls (YOG)",47
1224,"400 metres, Boys (YOG)",6
1225,"3,000 metres, Boys (YOG)",6
1226,"3,000 metres, Girls (YOG)",6
1227,"Featherweight, Boys (YOG)",52
1228,"Bantamweight, Boys (YOG)",52
1229,"Individual, Boys (YOG)",9
1230,"Pole Vault, Boys (YOG)",6
1231,"Hockey, Boys (YOG)",5
1232,"Middleweight, Boys (YOG)",52
1233,"Featherweight, Girls (YOG)",52
1234,"400 metres, Girls (YOG)",6
1235,"Medley Relay, Girls (YOG)",6
1236,"Air Pistol, 10 metres, Boys (YOG)",24
1237,"50 metres Butterfly, Boys (YOG)",47
1238,"50 metres Backstroke, Boys (YOG)",47
1239,"1,000 metres, Girls (YOG)",6
1240,"Light-Heavyweight, Boys (YOG)",10
1241,"Lightweight, Girls (YOG)",52
1242,"Individual All-Around, Boys (YOG)",50
1243,"Floor Exercise, Boys (YOG)",50
1244,"Vault, Boys (YOG)",50
1245,"Parallel Bars, Boys (YOG)",50
1246,"Rings, Boys (YOG)",50
1247,"Pommelled Horse, Boys (YOG)",50
1248,"400 metres Freestyle, Boys (YOG)",47
1249,"4 × 100 metres Freestyle Relay, Boys (YOG)",47
1250,"4 × 100 metres Medley Relay, Boys (YOG)",47
1251,"Individual, Girls (YOG)",8
1252,Relay,8
1253,Combined Team,17
1254,"Middleweight, Boys (YOG)",10
1255,Omnium,17
1256,"Bantamweight, Boys (YOG)",10
1257,"Single Sculls, Boys (YOG)",25
1258,"Horizontal Bar, Boys (YOG)",50
1259,"Javelin Throw, Boys (YOG)",6
1260,"800 metres Freestyle, Girls (YOG)",47
1261,"≤55 kilograms, Boys (YOG)",77
1262,"Heavyweight, Boys (YOG)",52
1263,Team,34
1264,"Flyweight, Boys (YOG)",10
1265,"Singles, Girls (YOG)",1
1266,"Doubles, Girls (YOG)",1
1267,"Middleweight, Girls (YOG)",52
1268,"Individual, Girls (YOG)",51
1269,"Hockey, Girls (YOG)",5
1270,"Singles, Girls (YOG)",4
1271,"1,000 metres, Boys (YOG)",6
1272,"Air Pistol, 10 metres, Girls (YOG)",24
1273,"Handball, Girls (YOG)",18
1274,"3x3 Basketball, Girls (YOG)",81
1275,"Foil, Individual, Boys (YOG)",3
1276,"Super-Heavyweight, Boys (YOG)",10
1277,Cycling Road (Cycling),26
1278,"Road Race, Individual",26
1279,Individual Time Trial,26
1280,"One Person Dinghy, Girls (YOG)",13
1281,"Welterweight, Boys (YOG)",10
1282,"Coxless Pairs, Girls (YOG)",25
1283,"Individual, Girls (YOG)",75
1284,"High Jump, Boys (YOG)",6
1285,"Super G, Boys (YOG)",54
1286,"Giant Slalom, Boys (YOG)",54
1287,"Slalom, Boys (YOG)",54
1288,"Combined, Boys (YOG)",54
1289,"Super G, Girls (YOG)",54
1290,"Giant Slalom, Girls (YOG)",54
1291,"Slalom, Girls (YOG)",54
1292,"Combined, Girls (YOG)",54
1293,"Sprint, Girls (YOG)",42
1294,"5 kilometres, Girls (YOG)",42
1295,Slopestyle,71
1296,Halfpipe,71
1297,"Singles, Boys (YOG)",69
1298,"Two, Boys (YOG)",20
1299,"Halfpipe, Boys (YOG)",71
1300,"Slopestyle, Boys (YOG)",71
1301,"Singles, Girls (YOG)",69
1302,"Medium Hill, Individual, Girls (YOG)",73
1303,"Medium Hill, Team",73
1304,"Medium Hill, Individual, Boys (YOG)",73
1305,Big Air,71
1306,"6 kilometres Sprint, Girls (YOG)",66
1307,"7.5 kilometres Pursuit, Girls (YOG)",66
1308,"Singles, Girls (YOG)",67
1309,"Singles, Boys (YOG)",67
1310,"Medium Hill / 10 km, Individual, Boys (YOG)",57
1311,"Medium Hill, Team",57
1312,Alpine Skiing (Skiing),78
1313,Super G,78
1314,Snowboarding (Skiing),54
1315,Parallel Giant Slalom,54
1316,"Halfpipe, Girls (YOG)",71
1317,Mixed Sports,66
1318,Cross-Country / Biathlon Relay,66
1319,"Slopestyle, Boys (YOG)",78
1320,"Halfpipe, Boys (YOG)",78
1321,"500 metres, Girls (YOG)",70
1322,"1,000 metres, Girls (YOG)",70
1323,Park,82
1324,"Two, Girls (YOG)",20
1325,Cross-Country / Biathlon Relay,83
1326,Cross Country Skiing (Skiing),83
1327,"Sprint, Boys (YOG)",83
1328,"10 kilometres, Boys (YOG)",83
1329,"Ice Hockey, Girls (YOG)",48
1330,"7.5 kilometres Sprint, Boys (YOG)",66
1331,"10 kilometres Pursuit, Boys (YOG)",66
1332,"Heavyweight, Girls (YOG)",52
1333,8 × 100 metres Relay,6
1334,Rugby Sevens,84
1335,"Sprint, Girls (YOG)",62
1336,"200 metres, Girls (YOG)",6
1337,"Hammer Throw, Girls (YOG)",6
1338,"2,000 metres Steeplechase, Girls (YOG)",6
1339,"≤52 kilograms, Girls (YOG)",55
1340,"Rugby Sevens, Girls (YOG)",84
1341,"≤70 kilograms, Freestyle, Girls (YOG)",53
1342,"Hockey 5s, Girls (YOG)",85
1343,">63 kilograms, Girls (YOG)",77
1344,"High Jump, Girls (YOG)",6
1345,"Single Sculls, Girls (YOG)",25
1346,"1,500 metres, Girls (YOG)",6
1347,"≤46 kilograms, Freestyle, Girls (YOG)",53
1348,"Javelin Throw, Girls (YOG)",6
1349,"Discus Throw, Girls (YOG)",6
1350,"5,000 metres Race Walk, Girls (YOG)",6
1351,"Individual, Girls (YOG)",14
1352,"≤63 kilograms, Girls (YOG)",77
1353,"Flyweight, Girls (YOG)",10
1354,"Sabre, Individual, Girls (YOG)",3
1355,"≤49 kilograms, Girls (YOG)",77
1356,"Windsurfer, Girls (YOG)",13
1357,"800 metres, Girls (YOG)",6
1358,"Super-Heavyweight, Girls (YOG)",52
1359,"Triple Jump, Girls (YOG)",6
1360,"≤44 kilograms, Girls (YOG)",77
1361,"Middleweight, Girls (YOG)",10
1362,"Épée, Individual, Girls (YOG)",3
1363,"≤78 kilograms, Girls (YOG)",55
1364,"2,000 metres Steeplechase, Boys (YOG)",6
1365,"800 metres Freestyle, Boys (YOG)",47
1366,"Windsurfer, Boys (YOG)",13
1367,"Volleyball, Boys (YOG)",64
1368,"Super-Heavyweight, Boys (YOG)",52
1369,"Shot Put, Boys (YOG)",6
1370,"Individual, Boys (YOG)",8
1371,"Coxless Pairs, Boys (YOG)",25
1372,"Triple Jump, Boys (YOG)",6
1373,"Light-Flyweight, Boys (YOG)",10
1374,"400 metres Hurdles, Boys (YOG)",6
1375,"Singles, Boys (YOG)",1
1376,"Doubles, Boys (YOG)",1
1377,"Individual, Open Youth (YOG)",31
1378,"Team, Open Youth (YOG)",31
1379,"≤100 kilograms, Boys (YOG)",55
1380,"≤55 kilograms, Boys (YOG)",55
1381,"Singles, Boys (YOG)",4
1382,"Canoe Singles, Head to Head, Boys (YOG)",21
1383,"Canoe Singles, Obstacle Slalom, Boys (YOG)",21
1384,"Épée, Individual, Boys (YOG)",3
1385,"Lightweight, Boys (YOG)",52
1386,"≤76 kilograms, Freestyle, Boys (YOG)",53
1387,"110 metres Hurdles, Boys (YOG)",6
1388,"Heavyweight, Boys (YOG)",10
1389,"≤81 kilograms, Boys (YOG)",55
1390,"Kayak Singles, Head to Head, Boys (YOG)",21
1391,"Kayak Singles, Obstacle Slalom, Boys (YOG)",21
1392,"1,500 metres, Boys (YOG)",6
1393,"≤85 kilograms, Greco Roman, Boys (YOG)",53
1394,"One Person Dinghy, Boys (YOG)",13
1395,"Handball, Boys (YOG)",18
1396,"Rugby Sevens, Boys (YOG)",84
1397,"Individual, Boys (YOG)",75
1398,"≤100 kilograms, Freestyle, Boys (YOG)",53
1399,"≤73 kilograms, Boys (YOG)",77
1400,"≤66 kilograms, Boys (YOG)",55
1401,"Discus Throw, Boys (YOG)",6
1402,"Hammer Throw, Boys (YOG)",6
1403,"Combined Team, Boys (YOG)",17
1404,Relay,17
1405,"Hockey 5s, Boys (YOG)",85
1406,"≤48 kilograms, Boys (YOG)",77
1407,"Sabre, Individual, Boys (YOG)",3
1408,"Sprint, Boys (YOG)",42
1409,"10 kilometres, Boys (YOG)",42
1410,"Cross, Boys (YOG)",42
1411,Freestyle Skiing (Skiing),54
1412,"Ski Cross, Boys (YOG)",54
1413,"Slopestyle, Girls (YOG)",78
1414,"Halfpipe, Girls (YOG)",78
1415,"Sprint, Girls (YOG)",83
1416,"5 kilometres, Girls (YOG)",83
1417,"Slopestyle, Girls (YOG)",71
1418,"Doubles, Open Youth (YOG)",69
1419,"Skeleton, Girls (YOG)",60
1420,6 and 7.5 kilometres Single Relay,66
1421,"Ski Cross, Girls (YOG)",71
1422,"Cross, Girls (YOG)",42
1423,"500 metres, Girls (YOG)",39
1424,Team Sprint,39
1425,"1,500 metres, Girls (YOG)",39
1426,"Mass Start, Girls (YOG)",39
1427,"500 metres, Boys (YOG)",70
1428,"1,000 metres, Boys (YOG)",70
1429,Mixed Sports,42
1430,Cross-Country Skiing / Ski Jumping / Nordic Combined Team,42
1431,Cross-Country Skiing / Ski Jumping / Nordic Combined Team,83
1432,Ski Jumping (Skiing),83
1433,"Normal Hill, Team",83
1434,Nordic Combined (Skiing),83
1435,"Normal Hill / 5 km, Individual, Boys (YOG)",83
1436,"Normal Hill, Individual, Boys (YOG)",73
1437,"Normal Hill, Individual, Boys (YOG)",83
1438,"Cross, Boys (YOG)",78
1439,Freestyle/Snowboard Relay,83
1440,Snowboarding (Skiing),83
1441,"Cross, Girls (YOG)",83
1442,"3,000 metres, Girls (YOG)",39
1443,Doubles,79
1444,"Normal Hill, Individual, Girls (YOG)",83
1445,"1,500 metres, Boys (YOG)",39
1446,"3,000 metres, Boys (YOG)",39
1447,"Mass Start, Boys (YOG)",39
1448,"1,000 metres, Girls (YOG)",39
1449,"500 metres, Boys (YOG)",39
1450,"Skills Challenge, Girls (YOG)",48
1451,"Monobob, Boys (YOG)",20
1452,Freestyle Skiing (Skiing),83
1453,"Ski Cross, Girls (YOG)",83
1454,"Big Air, Girls (YOG)",71
1455,"Skeleton, Boys (YOG)",60
1456,"Longest time travelled (#2), Handicap, Open)",86
1457,"Longest time travelled (#3), Open)",86
1458,"Closest landing to target (#3), Combined, Open)",86
1459,"Closest landing to target (#3), Intermediate stop, Open)",86
1460,"Closest landing to target (#3), Final stop, Open)",86
1461,Equestrian Driving (Equestrian),86
1462,"Four-In-Hand Competition, Open",86
1463,Mixed Sports,71
1464,Freestyle/Snowboard Relay,71
1465,"Sprint, Girls (YOG)",87
1466,Relay,87
1467,"Individual, Girls (YOG)",87
1468,"Ski Cross, Boys (YOG)",71
1469,"Ski Cross, Girls (YOG)",54
1470,Mixed Sports,54
1471,Freestyle/Snowboard Relay,54
1472,"Monobob, Girls (YOG)",20
1473,"10 kilometres, Girls (YOG)",66
1474,"12.5 kilometres, Boys (YOG)",66
1475,"Sprint, Girls (YOG)",66
1476,"5 kilometres, Girls (YOG)",66
1477,"Cross, Girls (YOG)",66
1478,"Sprint, Boys (YOG)",66
1479,"10 kilometres, Boys (YOG)",66
1480,"Cross, Boys (YOG)",66
1481,"Big Air, Boys (YOG)",71
1482,"3-on-3 Ice Hockey, Boys (YOG)",88
1483,"3-on-3 Ice Hockey, Girls (YOG)",88
1484,"Ice Hockey, Boys (YOG)",48
1485,3-on-3 Ice Hockey (Ice Hockey),48
1486,"3-on-3 Ice Hockey, Girls (YOG)",48
1487,"Doubles, Boys (YOG)",69
1488,"Doubles, Girls (YOG)",69
1489,"Normal Hill / 6 km, Individual, Boys (YOG)",57
1490,"Normal Hill, Team",57
1491,"Normal Hill / 4 km, Individual, Girls (YOG)",57
1492,"Normal Hill, Individual, Girls (YOG)",73
1493,"Normal Hill / 4 km, Individual, Girls (YOG)",73
1494,Mixed Sports,73
1495,Cross-Country Skiing / Ski Jumping / Nordic Combined Team,73
1496,Mixed Sports,57
1497,Cross-Country Skiing / Ski Jumping / Nordic Combined Team,57
1498,"Normal Hill / 6 km, Individual, Boys (YOG)",73
1499,Mixed Sports,78
1500,Freestyle/Snowboard Relay,78
1501,"Big Air, Girls (YOG)",78
1502,"Big Air, Boys (YOG)",78
1503,"Cross, Girls (YOG)",78
1504,"Sprint, Boys (YOG)",87
1505,"Individual, Boys (YOG)",87
1506,"Kumite, >61 kg",89
1507,Shortboard,90
1508,Park,91
1509,Combined,92
1510,Street,82
1511,"Kumite, ≤75 kg",89
1512,"Kumite, ≤55 kg",89
1513,"Kumite, ≤67 kg",89
1514,3x3 Basketball,81
1515,"Kumite, >75 kg",89
1516,"Football, Girls (YOG)",40
1517,"Kumite, ≤61 kg",89
1518,Kata,89
1519,"Individual, Boys (YOG)",14
1520,"Combined, Boys (YOG)",93
